showroom,Ma_TTCP_H,so_ct,ngay_ky,ten_kh,dien_thoai,tvbh,ma_kx,ten_kx,ma_mau,ten_mau,gia_tri,so_don_hang
Thuận An,02.01.08,02.0789/10/2026/HĐMB-MDP,10/10/2026,HUỲNH MAI KIM NGỌC,0886852989,NGUYỄN HOÀNG KHANG HUY,VF2,VF2 màu cơ bản,CE18,Trắng,188000000.0,
Hà Huy Giáp,02.01.20,02.0791/10/2026/HĐMB-MDP,10/10/2026,NGUYỄN VIẾT SỸ,0909740331,Hồ Thanh Thiện,ECVANNC,EC VAN Nâng cao,CE18,Trắng,286000000.0,
Hà Huy Giáp,02.01.20,02.0777/10/2026/HĐMB-MDP,10/10/2026,CÔNG TY TNHH THỰC PHẨM QUỐC TẾ LALITA,0902678925,Nguyễn Hoàng Phú,VF305,VF3 Plus tiêu chuẩn 2 màu cơ bản,CE1V,Xám,296000000.0,
Hà Huy Giáp,02.01.20,02.0780/10/2026/HĐMB-MDP,10/10/2026,CÔNG TY TNHH THỰC PHẨM QUỐC TẾ LALITA,0902678925,Nguyễn Hoàng Phú,ECVANNC,EC VAN Nâng cao,CE18,Trắng,286000000.0,
Phạm Văn Đồng,02.01.21,02.0773/10/2026/HĐMB-MDP,10/10/2026,Phan Trùng Dương,0933885687,Phan Minh Tài,VF2,VF2 màu cơ bản,CE18,Trắng,188000000.0,
Phạm Văn Đồng,02.01.21,02.0769/10/2026/HĐMB-MDP,10/10/2026,CÔNG TY TNHH HÓA CHẤT NĂNG LƯỢNG DANH KHANG,0949933119,Nguyễn Lê Nhật Trường,VF605,VF6 Plus Tiêu chuẩn 2 màu cơ bản,CE18,Trắng,699000000.0,
Ba Tháng Hai,02.01.07,02.0704/10/2026/HĐMB-MDP,09/10/2026,Trần Vũ Mạnh Huy,0828898589,Lê Hải Long,LIMO,LIMO GREEN,CE18,Trắng,699000000.0,
Ba Tháng Hai,02.01.07,02.0629/10/2026/HĐMB-MDP,09/10/2026,CÔNG TY TNHH DỊCH VỤ HÀNG HẢI & THƯƠNG MẠI NAM VIỆT,0919695910,Đoàn Văn Nhựt,VF609,VF6 Plus Tiêu chuẩn 2 màu nâng cao,CE1W,Xanh Lá Nhạt,707000000.0,
Ba Tháng Hai,02.01.07,02.0681/10/2026/HĐMB-MDP,09/10/2026,Lý Quý Nhân,0707708084,TRƯƠNG NGỌC TUẤN,VF305,VF3 Plus tiêu chuẩn 2 màu cơ bản,CE18,Trắng,296000000.0,
Ba Tháng Hai,02.01.07,02.0736/10/2026/HĐMB-MDP,09/10/2026,Lý Cảnh Quy,0968869545,Phạm Phú Quí,VF305,VF3 Plus tiêu chuẩn 2 màu cơ bản,CE18,Trắng,296000000.0,
Ba Tháng Hai,02.01.07,02.0651/10/2026/HĐMB-MDP,09/10/2026,Trương Quỳnh Như,0392577727,Cao Nguyễn Bích Huyền,VF305,VF3 Plus tiêu chuẩn 2 màu cơ bản,CE18,Trắng,296000000.0,
Thuận An,02.01.08,02.0642/10/2026/HĐMB-MDP,09/10/2026,PHẠM NGỌC HUY,0796487979,Tống Thành Đạt,VF306,VF3 Plus tiêu chuẩn 2 màu nâng cao,CE1W,Xanh Lá Nhạt,304000000.0,
Thuận An,02.01.08,02.0737/10/2026/HĐMB-MDP,09/10/2026,NGUYỄN ĐÌNH DIỆM,0332556353,NGUYỄN HOÀNG KHANG HUY,VF501,VF5 Plus màu cơ bản,CE2Q,Màu đỏ Ruby,496000000.0,
Thuận An,02.01.08,02.0709/10/2026/HĐMB-MDP,09/10/2026,LA ANH TUẤN,0384634736,THÀNH NGỌC VINH,LIMO,LIMO GREEN,CE18,Trắng,699000000.0,
Thuận An,02.01.08,02.0751/10/2026/HĐMB-MDP,09/10/2026,LÊ THỊ ĐỊNH,0933416103,Lê Thị Thúy Nga,VF603,VF6 Eco Tiêu chuẩn,CE2Q,Màu đỏ Ruby,646000000.0,
Thuận An,02.01.08,02.0748/10/2026/HĐMB-MDP,09/10/2026,Nguyễn Nguyên Vẹn,0908208758,Trần Danh Phương,VF501,VF5 Plus màu cơ bản,CE1V,Xám,496000000.0,
Thuận An,02.01.08,02.0664/10/2026/HĐMB-MDP,09/10/2026,Võ Thị Bảo Trân,0785359700,TẤT BÁCH TƯỜNG,VF2,VF2 màu cơ bản,CE18,Trắng,188000000.0,
Thuận An,02.01.08,02.0628/10/2026/HĐMB-MDP,09/10/2026,ĐỖ HỮU THƯƠNG,0975082993,THÀNH NGỌC VINH,VF501,VF5 Plus màu cơ bản,CE18,Trắng,496000000.0,
Thuận An,02.01.08,02.0623/10/2026/HĐMB-MDP,09/10/2026,NGUYỄN THỊ NGỌC PHƯƠNG,0338179538,Lê Thị Thúy Nga,VF305,VF3 Plus tiêu chuẩn 2 màu cơ bản,CE18,Trắng,296000000.0,
Vũng Tàu,02.01.12,02.0677/10/2026/HĐMB-MDP,09/10/2026,Phạm Thị Trúc Mai,0966894688,Trần Mai Ninh,VF727,VF7 Plus trần thép Tiêu chuẩn 2 - 1 cầu Màu nâng cao,CE1W,Xanh Lá Nhạt,842000000.0,
Vũng Tàu,02.01.12,02.0716/10/2026/HĐMB-MDP,09/10/2026,Lê Thanh Huy,0933045535,Nguyễn Văn Tú,VF605,VF6 Plus Tiêu chuẩn 2 màu cơ bản,CE11,ĐEN,699000000.0,
Vũng Tàu,02.01.12,02.0711/10/2026/HĐMB-MDP,09/10/2026,Trịnh Khắc Điện,0989707017,Trần Mai Ninh,VF306,VF3 Plus tiêu chuẩn 2 màu nâng cao,182G,Xanh dương nhạt nóc trắng,304000000.0,
Vũng Tàu,02.01.12,02.0670/10/2026/HĐMB-MDP,09/10/2026,Nghiêm Thị Mai Huyền,0393703554,Trương Mạnh Tiến,VF605,VF6 Plus Tiêu chuẩn 2 màu cơ bản,CE1V,Xám,699000000.0,
Hà Huy Giáp,02.01.20,02.0676/10/2026/HĐMB-MDP,09/10/2026,NGUYỄN XUÂN KỲ,0939073393,ĐỖ THỊ THẢO QUYÊN,LIMO,LIMO GREEN,CE18,Trắng,699000000.0,
Hà Huy Giáp,02.01.20,02.0692/10/2026/HĐMB-MDP,09/10/2026,HỒNG NGỌC TUẤN,0877749547,Huỳnh Hữu Bảo,VF501,VF5 Plus màu cơ bản,CE18,Trắng,496000000.0,
Hà Huy Giáp,02.01.20,02.0685/10/2026/HĐMB-MDP,09/10/2026,HUỲNH THỊ ÁNH VY,0936035384,Phạm Hồ Hiệp,ECVANNC,EC VAN Nâng cao,CE18,Trắng,286000000.0,
Hà Huy Giáp,02.01.20,02.0696/10/2026/HĐMB-MDP,09/10/2026,NGÔ TRUNG HẬU,0393257177,Trần Trọng Hiếu,VF603,VF6 Eco Tiêu chuẩn,CE18,Trắng,646000000.0,
Hà Huy Giáp,02.01.20,02.0727/10/2026/HĐMB-MDP,09/10/2026,HỒ THỊ NHÃ VI,0911903000,Nguyễn Ngọc Thanh,LIMO,LIMO GREEN,CE18,Trắng,699000000.0,
Hà Huy Giáp,02.01.20,02.0647/10/2026/HĐMB-MDP,09/10/2026,NGUYỄN VĂN BA,0972222582,Nguyễn Quang Huy,VF501,VF5 Plus màu cơ bản,CE18,Trắng,496000000.0,
Hà Huy Giáp,02.01.20,02.0765/10/2026/HĐMB-MDP,09/10/2026,HỒNG THỊ CẨM TÚ,0938481878,NGUYỄN THỊ LỆ THANH,LIMO,LIMO GREEN,CE2Q,Màu đỏ Ruby,699000000.0,
Hà Huy Giáp,02.01.20,02.0654/10/2026/HĐMB-MDP,09/10/2026,Mã Nam Duy,0582501003,Nguyễn Anh Phương,VF305,VF3 Plus tiêu chuẩn 2 màu cơ bản,CE1V,Xám,296000000.0,
Hà Huy Giáp,02.01.20,02.0653/10/2026/HĐMB-MDP,09/10/2026,LƯƠNG QUÍ BẢO,0969860632,Huỳnh Hữu An,VF501,VF5 Plus màu cơ bản,CE18,Trắng,496000000.0,
Hà Huy Giáp,02.01.20,02.0660/10/2026/HĐMB-MDP,09/10/2026,PHẠM TRUNG KIÊN,0933199498,Phạm Hồ Hiệp,VF2,VF2 màu cơ bản,CE18,Trắng,188000000.0,
Phạm Văn Đồng,02.01.21,02.0635/10/2026/HĐMB-MDP,09/10/2026,TRƯƠNG THỊ THANH,0946999636,Mai Trung Hiếu,VF306,VF3 Plus tiêu chuẩn 2 màu nâng cao,CE1W,Xanh Lá Nhạt,304000000.0,
Phạm Văn Đồng,02.01.21,02.0682/10/2026/HĐMB-MDP,09/10/2026,Huỳnh Quốc Khánh,0383130277,Lê Hữu Tuấn,VF501,VF5 Plus màu cơ bản,CE18,Trắng,496000000.0,
Phạm Văn Đồng,02.01.21,02.0760/10/2026/HĐMB-MDP,09/10/2026,Công Ty TNHH Dịch Vụ Du Lịch X7TRAVEL,0909012200,Nguyễn Thanh Trí,LIMO,LIMO GREEN,CE18,Trắng,699000000.0,
Phạm Văn Đồng,02.01.21,02.0764/10/2026/HĐMB-MDP,09/10/2026,PHẠM VĂN THỰC,0989423909,NGUYỄN THỊ MỸ LỆ,VF302,VF3 tiêu chuẩn 2 màu cơ bản,CE1V,Xám,285000000.0,
Phạm Văn Đồng,02.01.21,02.0691/10/2026/HĐMB-MDP,09/10/2026,CÔNG TY TNHH BIM KIÊN GIANG,0934037457,Trần Nguyễn Tuấn Hưng,LIMO,LIMO GREEN,CE11,ĐEN,699000000.0,
Phạm Văn Đồng,02.01.21,02.0766/10/2026/HĐMB-MDP,09/10/2026,vũ thanh hưng,0353590885,ĐỖ VĂN PHƯỢNG,VF501,VF5 Plus màu cơ bản,CE18,Trắng,496000000.0,
Phạm Văn Đồng,02.01.21,02.0646/10/2026/HĐMB-MDP,09/10/2026,Nguyễn Quang Huy,0964608045,Đinh Tài Đức,VF305,VF3 Plus tiêu chuẩn 2 màu cơ bản,CE18,Trắng,296000000.0,
Phạm Văn Đồng,02.01.21,02.0754/10/2026/HĐMB-MDP,09/10/2026,PHẠM THỊ XUÂN THẢO,0964608044,Đinh Tài Đức,VF305,VF3 Plus tiêu chuẩn 2 màu cơ bản,CE18,Trắng,296000000.0,
Phạm Văn Đồng,02.01.21,02.0757/10/2026/HĐMB-MDP,09/10/2026,Nguyễn Đình Thiện,0902570586,Phan Minh Tài,VF305,VF3 Plus tiêu chuẩn 2 màu cơ bản,CE18,Trắng,296000000.0,
Phạm Văn Đồng,02.01.21,02.0763/10/2026/HĐMB-MDP,09/10/2026,ĐẶNG THỊ NGỌC THƯƠNG,0967173014,NGUYỄN THỊ MỸ LỆ,VF605,VF6 Plus Tiêu chuẩn 2 màu cơ bản,CE18,Trắng,699000000.0,
Ba Tháng Hai,02.01.07,02.0585/10/2026/HĐMB-MDP,08/10/2026,Nguyễn Thị Tú Diễm,0707090402,Nguyễn Thị Ngọc Ánh,VF306,VF3 Plus tiêu chuẩn 2 màu nâng cao,1821,Hồng Phấn,304000000.0,
Ba Tháng Hai,02.01.07,02.0570/10/2026/HĐMB-MDP,08/10/2026,BÙI XUÂN THÀNH,0961456299,Lê Hải Long,LIMO,LIMO GREEN,CE18,Trắng,699000000.0,
Thuận An,02.01.08,02.0531/10/2026/HĐMB-MDP,08/10/2026,NGUYỄN THỊ THU THẢO,0983033292,Võ Thế Lân,VF501,VF5 Plus màu cơ bản,CE1M,Đỏ,496000000.0,
Thuận An,02.01.08,02.0532/10/2026/HĐMB-MDP,08/10/2026,LÊ THỊ MAI THY,0385978194,Lê Thị Thúy Nga,VF306,VF3 Plus tiêu chuẩn 2 màu nâng cao,181U,Vàng nóc trắng,304000000.0,
Thuận An,02.01.08,02.0533/10/2026/HĐMB-MDP,08/10/2026,CÔNG TY TNHH INTERNET WOOD GLUE (VIETNAM),0975046626,NGUYỄN THIỆN THẢO,VF302,VF3 tiêu chuẩn 2 màu cơ bản,CE1V,Xám,285000000.0,
Thuận An,02.01.08,02.0583/10/2026/HĐMB-MDP,08/10/2026,Huỳnh Vũ Phi,0384558093,NGUYỄN HOÀNG KHANG HUY,LIMO,LIMO GREEN,CE18,Trắng,699000000.0,
Thuận An,02.01.08,02.0552/10/2026/HĐMB-MDP,08/10/2026,TRẦN ANH TUẤN,0383844500,Phạm Trọng Huy,LIMO,LIMO GREEN,CE18,Trắng,699000000.0,
Thuận An,02.01.08,02.0582/10/2026/HĐMB-MDP,08/10/2026,NGUYỄN CÔNG GIANG,0971374122,Nguyễn Hoàng Phúc,LIMO,LIMO GREEN,CE18,Trắng,699000000.0,
Vũng Tàu,02.01.12,02.0579/10/2026/HĐMB-MDP,08/10/2026,Trần Minh Trí,0918266909,Trần Minh Phúc,VF305,VF3 Plus tiêu chuẩn 2 màu cơ bản,CE1V,Xám,296000000.0,
Vũng Tàu,02.01.12,02.0589/10/2026/HĐMB-MDP,08/10/2026,Cao Viết Sơn,0902737577,Trần Quang Hòa,VFMPV7,VF MPV 7,CE2Q,Màu đỏ Ruby,750000000.0,
Vũng Tàu,02.01.12,02.0586/10/2026/HĐMB-MDP,08/10/2026,Cao Thị Hải Yến,0939244263,Nguyễn Công Trường Giang,VF305,VF3 Plus tiêu chuẩn 2 màu cơ bản,CE1M,Đỏ,296000000.0,
Vũng Tàu,02.01.12,02.0566/10/2026/HĐMB-MDP,08/10/2026,Đặng Vương Trúc,0704727860,Nguyễn Văn Hùng,VF2,VF2 màu cơ bản,CE18,Trắng,188000000.0,
Vũng Tàu,02.01.12,02.0605/10/2026/HĐMB-MDP,08/10/2026,Nguyễn Hữu Thuật,0944461358,Vũ Quang Hùng,VF305,VF3 Plus tiêu chuẩn 2 màu cơ bản,CE18,Trắng,296000000.0,
Hà Huy Giáp,02.01.20,02.0537/10/2026/HĐMB-MDP,08/10/2026,Ngô Xuân Minh,0947119211,Huỳnh Hữu Kha,LIMO,LIMO GREEN,CE18,Trắng,699000000.0,
Hà Huy Giáp,02.01.20,02.0564/10/2026/HĐMB-MDP,08/10/2026,TRẦN ĐĂNG KHOA,0985924819,ĐỖ THỊ THẢO QUYÊN,VF605,VF6 Plus Tiêu chuẩn 2 màu cơ bản,CE1V,Xám,699000000.0,
Phạm Văn Đồng,02.01.21,02.0594/10/2026/HĐMB-MDP,08/10/2026,Võ Đại Quốc,0775989875,Tạ Thuận Thúc,VF8THM,VF8 Thế hệ mới,CE18,Trắng,899000000.0,
Phạm Văn Đồng,02.01.21,02.0584/10/2026/HĐMB-MDP,08/10/2026,Đinh Xuân Tùng,0908185659,ĐỖ VĂN PHƯỢNG,VFWILD,VF WILD màu cơ bản,CE18,Trắng,860000000.0,
Phạm Văn Đồng,02.01.21,02.0557/10/2026/HĐMB-MDP,08/10/2026,Khiếu Hồng Phong,0825733377,Kiều Thanh Phong,LIMO,LIMO GREEN,CE18,Trắng,699000000.0,
Phạm Văn Đồng,02.01.21,02.0593/10/2026/HĐMB-MDP,08/10/2026,TRƯƠNG MỸ HÀ,0826889459,NGUYỄN THỊ MỸ LỆ,VF302,VF3 tiêu chuẩn 2 màu cơ bản,CE18,Trắng,285000000.0,
Phạm Văn Đồng,02.01.21,02.0577/10/2026/HĐMB-MDP,08/10/2026,LÊ NGỌC NGUYÊN,0963921146,Nguyễn Thanh Trí,LIMO,LIMO GREEN,CE18,Trắng,699000000.0,
Phạm Văn Đồng,02.01.21,02.0529/10/2026/HĐMB-MDP,08/10/2026,LÊ THỊ THU THỦY,0907630678,Tống Hòa Hiệp,VF305,VF3 Plus tiêu chuẩn 2 màu cơ bản,CE18,Trắng,296000000.0,
Phạm Văn Đồng,02.01.21,02.0559/10/2026/HĐMB-MDP,08/10/2026,VÒNG NGỌC YẾN,0378844170,Nguyễn Thanh Trí,VF2,VF2 màu cơ bản,CE18,Trắng,188000000.0,
Phạm Văn Đồng,02.01.21,02.0572/10/2026/HĐMB-MDP,08/10/2026,Lê Khánh Duy,0918099061,Kiều Thanh Phong,VF2,VF2 màu cơ bản,CE2Q,Màu đỏ Ruby,188000000.0,
Ba Tháng Hai,02.01.07,02.0471/10/2026/HĐMB-MDP,07/10/2026,LÊ THỊ HÀ CHIÊU,0909461989,Lê Trần Cẩm Tú,VF8THM,VF8 Thế hệ mới,CE33,Xanh Dương,899000000.0,
Ba Tháng Hai,02.01.07,02.0470/10/2026/HĐMB-MDP,07/10/2026,CÔNG TY TNHH TMDV XÂY LẮP VẠN THỊNH,0963776877,HUỲNH TUẤN KIỆT,VF305,VF3 Plus tiêu chuẩn 2 màu cơ bản,CE18,Trắng,296000000.0,
Thuận An,02.01.08,02.0487/10/2026/HĐMB-MDP,07/10/2026,Trần Văn Trung,0853886888,Phạm Khánh Duy,VF8THM,VF8 Thế hệ mới,CE18,Trắng,899000000.0,
Thuận An,02.01.08,02.0444/10/2026/HĐMB-MDP,07/10/2026,Vương Nguyễn Phi Long,0932928149,Nguyễn Anh Tiến,VF501,VF5 Plus màu cơ bản,CE18,Trắng,496000000.0,
Thuận An,02.01.08,02.0517/10/2026/HĐMB-MDP,07/10/2026,Phạm Thị Khanh,0925789123,Võ Thế Lân,VF302,VF3 tiêu chuẩn 2 màu cơ bản,CE18,Trắng,285000000.0,
Thuận An,02.01.08,02.0433/10/2026/HĐMB-MDP,07/10/2026,NGUYỄN THỊ TUYẾT LAN,0903627677,Nguyễn Thị Yến Vy,VF501,VF5 Plus màu cơ bản,CE2Q,Màu đỏ Ruby,496000000.0,
Thuận An,02.01.08,02.0431/10/2026/HĐMB-MDP,07/10/2026,NGUYỄN THỊ HOA,0384212001,THÀNH NGỌC VINH,VF2,VF2 màu cơ bản,CE18,Trắng,188000000.0,
Thuận An,02.01.08,02.0435/10/2026/HĐMB-MDP,07/10/2026,CÔNG TY TNHH MỘT THÀNH VIÊN HỮU HÀ,0977939384,THÀNH NGỌC VINH,VF305,VF3 Plus tiêu chuẩn 2 màu cơ bản,CE1V,Xám,296000000.0,
Vũng Tàu,02.01.12,02.0454/10/2026/HĐMB-MDP,07/10/2026,Phạm Tuân,0908563525,Nguyễn Văn Tú,LIMO,LIMO GREEN,CE11,ĐEN,699000000.0,
Vũng Tàu,02.01.12,02.0507/10/2026/HĐMB-MDP,07/10/2026,Nguyễn Đình Đăng Khoa,0966617740,Vũ Khánh Duy,VF2,VF2 màu cơ bản,CE18,Trắng,188000000.0,
Hà Huy Giáp,02.01.20,02.0485/10/2026/HĐMB-MDP,07/10/2026,NGUYỄN VƯƠNG KIẾM THAO,0909142489,Trần Minh Tiến,ECVANNC,EC VAN Nâng cao,CE1W,Xanh Lá Nhạt,286000000.0,
Hà Huy Giáp,02.01.20,02.0434/10/2026/HĐMB-MDP,07/10/2026,NGUYỄN TẤN HIỆP,0974799550,Trần Minh Tiến,VF501,VF5 Plus màu cơ bản,CE18,Trắng,496000000.0,
Hà Huy Giáp,02.01.20,02.0468/10/2026/HĐMB-MDP,07/10/2026,NGUYỄN THỊ NGỌC PHI,0762808248,Nguyễn Quang Huy,VF501,VF5 Plus màu cơ bản,CE1V,Xám,496000000.0,
Phạm Văn Đồng,02.01.21,02.0436/10/2026/HĐMB-MDP,07/10/2026,TỐNG QUANG BẢO HIỆP,0357356172,HỒ THỊ THU THẢO,VF305,VF3 Plus tiêu chuẩn 2 màu cơ bản,CE18,Trắng,296000000.0,
Phạm Văn Đồng,02.01.21,02.0465/10/2026/HĐMB-MDP,07/10/2026,Nguyễn Minh Ngọc,0392240041,ĐỖ THỊ KIM LỘC,VF501,VF5 Plus màu cơ bản,CE18,Trắng,496000000.0,
Phạm Văn Đồng,02.01.21,02.0439/10/2026/HĐMB-MDP,07/10/2026,Nguyễn Văn Mến,0965039323,Nguyễn Anh Đạt,VF501,VF5 Plus màu cơ bản,CE1M,Đỏ,496000000.0,
Ba Tháng Hai,02.01.07,02.0399/10/2026/HĐMB-MDP,06/10/2026,Nguyễn Lin Hai,0857788868,BÙI XUÂN ĐẠT,ECVANNC,EC VAN Nâng cao,CE1W,Xanh Lá Nhạt,286000000.0,
Ba Tháng Hai,02.01.07,02.0356/10/2026/HĐMB-MDP,06/10/2026,Nguyễn Trương Huyền Lương,0988887033,TRƯƠNG NGỌC TUẤN,VF605,VF6 Plus Tiêu chuẩn 2 màu cơ bản,CE11,ĐEN,699000000.0,
Ba Tháng Hai,02.01.07,02.0405/10/2026/HĐMB-MDP,06/10/2026,Nguyễn Lin Hai,0857788866,BÙI XUÂN ĐẠT,ECVANNC,EC VAN Nâng cao,CE2Q,Màu đỏ Ruby,286000000.0,
Ba Tháng Hai,02.01.07,02.0392/10/2026/HĐMB-MDP,06/10/2026,Trương Ngọc Nhi,0963208022,LÊ QUÍ YẾN THANH,VF707,VF7 Plus trần thép Tiêu chuẩn 2 - 1 cầu - màu cơ bản,CE1V,Xám,830000000.0,
Thuận An,02.01.08,02.0384/10/2026/HĐMB-MDP,06/10/2026,Trương Trung Nhã,0961908069,TẤT BÁCH TƯỜNG,LIMO,LIMO GREEN,CE18,Trắng,699000000.0,
Thuận An,02.01.08,02.0340/10/2026/HĐMB-MDP,06/10/2026,Nguyễn Thành Đạt,0329778110,Trần Danh Phương,VF501,VF5 Plus màu cơ bản,CE18,Trắng,496000000.0,
Thuận An,02.01.08,02.0360/10/2026/HĐMB-MDP,06/10/2026,Nguyễn Trung Hậu,0937969777,NGUYỄN HOÀNG KHANG HUY,LIMO,LIMO GREEN,CE18,Trắng,699000000.0,
Thuận An,02.01.08,02.0427/10/2026/HĐMB-MDP,06/10/2026,LÊ VĂN HOÀNG,0932780276,Hà Hữu Huy,VF605,VF6 Plus Tiêu chuẩn 2 màu cơ bản,CE18,Trắng,699000000.0,
Thuận An,02.01.08,02.0358/10/2026/HĐMB-MDP,06/10/2026,LÊ HOÀNG AN,0963107759,Nguyễn Dư Thuận,VF501,VF5 Plus màu cơ bản,CE1V,Xám,496000000.0,
Thuận An,02.01.08,02.0361/10/2026/HĐMB-MDP,06/10/2026,LÊ HOÀNG AN,0963107759,Nguyễn Dư Thuận,VF305,VF3 Plus tiêu chuẩn 2 màu cơ bản,CE1V,Xám,296000000.0,
Thuận An,02.01.08,02.0407/10/2026/HĐMB-MDP,06/10/2026,NGÔ TRIỆU KHÔI,0343456734,Tống Thành Đạt,VF501,VF5 Plus màu cơ bản,CE18,Trắng,496000000.0,
Vũng Tàu,02.01.12,02.0425/10/2026/HĐMB-MDP,06/10/2026,Đinh Thanh Giang,0869527777,Vũ Quang Hùng,VF306,VF3 Plus tiêu chuẩn 2 màu nâng cao,CE1W,Xanh Lá Nhạt,304000000.0,
Vũng Tàu,02.01.12,02.0341/10/2026/HĐMB-MDP,06/10/2026,Vũ Thị Thùy Ninh,0975893831,Nguyễn Văn Tú,VF302,VF3 tiêu chuẩn 2 màu cơ bản,CE1V,Xám,285000000.0,
Vũng Tàu,02.01.12,02.0344/10/2026/HĐMB-MDP,06/10/2026,Trần Thị Trang,0775395727,Trần Quang Hòa,LIMO,LIMO GREEN,CE18,Trắng,699000000.0,
Vũng Tàu,02.01.12,02.0334/10/2026/HĐMB-MDP,06/10/2026,Nguyễn Thị Ánh Tuyết,0877088873,Lâm Ngọc Hằng,VF501,VF5 Plus màu cơ bản,CE18,Trắng,496000000.0,
Vũng Tàu,02.01.12,02.0371/10/2026/HĐMB-MDP,06/10/2026,Nguyễn Hữu Lợi,0784932773,Lâm Ngọc Hằng,VFMPV7,VF MPV 7,CE1V,Xám,750000000.0,
Vũng Tàu,02.01.12,02.0397/10/2026/HĐMB-MDP,06/10/2026,Nguyễn Thị Hải Yến,0933277879,Trương Mạnh Tiến,VF305,VF3 Plus tiêu chuẩn 2 màu cơ bản,CE1V,Xám,296000000.0,
Vũng Tàu,02.01.12,02.0404/10/2026/HĐMB-MDP,06/10/2026,Lê Quang Hân,0906452123,Nguyễn Công Anh,VF2,VF2 màu cơ bản,CE17,Bạc,188000000.0,
Hà Huy Giáp,02.01.20,02.0412/10/2026/HĐMB-MDP,06/10/2026,Phạm Văn Hòa,0966629979,Nguyễn Anh Phương,VF306,VF3 Plus tiêu chuẩn 2 màu nâng cao,181U,Vàng nóc trắng,304000000.0,
Hà Huy Giáp,02.01.20,02.0343/10/2026/HĐMB-MDP,06/10/2026,Nguyễn Thị Tuyết Trinh,0816777707,Nguyễn Minh Thanh,VF707,VF7 Plus trần thép Tiêu chuẩn 2 - 1 cầu - màu cơ bản,CE18,Trắng,830000000.0,
Hà Huy Giáp,02.01.20,02.0403/10/2026/HĐMB-MDP,06/10/2026,Nguyễn Văn Lai,0988977363,Nguyễn Lý Quang Minh,LIMO,LIMO GREEN,CE18,Trắng,699000000.0,
Hà Huy Giáp,02.01.20,02.0424/10/2026/HĐMB-MDP,06/10/2026,Nguyễn Bình Minh Vũ,0869033618,Nguyễn Vũ Thiên long,LIMO,LIMO GREEN,CE17,Bạc,699000000.0,
Phạm Văn Đồng,02.01.21,02.0386/10/2026/HĐMB-MDP,06/10/2026,NGUYỄN THỊ ĐẬM,0901072928,ĐỖ THỊ KIM LỘC,VF501,VF5 Plus màu cơ bản,CE18,Trắng,496000000.0,
Phạm Văn Đồng,02.01.21,02.0338/10/2026/HĐMB-MDP,06/10/2026,PHẠM THẾ HÙNG,0362660249,Trần Nguyễn Tuấn Hưng,VF8THM,VF8 Thế hệ mới,CE2Q,Màu đỏ Ruby,899000000.0,
Phạm Văn Đồng,02.01.21,02.0369/10/2026/HĐMB-MDP,06/10/2026,Nguyễn Phạm Hoàng Thanh,0921269445,Kiều Thanh Phong,ECVANNC,EC VAN Nâng cao,CE18,Trắng,286000000.0,
Phạm Văn Đồng,02.01.21,02.0363/10/2026/HĐMB-MDP,06/10/2026,NGUYỄN VĂN HẠT,0868203352,HỒ THỊ THU THẢO,LIMO,LIMO GREEN,CE18,Trắng,699000000.0,
Phạm Văn Đồng,02.01.21,02.0374/10/2026/HĐMB-MDP,06/10/2026,Đỗ Trung Kiên,0907928787,Kiều Thanh Phong,VFMPV7MNC,VF MPV 7 Màu nâng cao,CE2J,Màu xanh dương,760000000.0,
Ba Tháng Hai,02.01.07,02.0291/10/2026/HĐMB-MDP,05/10/2026,Công Ty Cổ Phần Giải Pháp Thương Mại Việt Nam Sài Gòn,0907167662,Cao Nguyễn Bích Huyền,VF305,VF3 Plus tiêu chuẩn 2 màu cơ bản,CE1V,Xám,296000000.0,
Ba Tháng Hai,02.01.07,02.0266/10/2026/HĐMB-MDP,05/10/2026,Trần Thanh Thái,0909262742,Huỳnh Nguyễn Hoàng Vinh,LIMO,LIMO GREEN,CE18,Trắng,699000000.0,
Ba Tháng Hai,02.01.07,02.0330/10/2026/HĐMB-MDP,05/10/2026,LÊ THỊ THANH VÂN,0985994761,Nguyễn Phú An,VF201,VF2 màu nâng cao,CE21,Hồng,196000000.0,
Ba Tháng Hai,02.01.07,02.0222/10/2026/HĐMB-MDP,05/10/2026,Trịnh Mai Thu,0916863068,TRẦN KHÁNH DUNG,LIMO,LIMO GREEN,CE11,ĐEN,699000000.0,
Ba Tháng Hai,02.01.07,02.0268/10/2026/HĐMB-MDP,05/10/2026,Nguyễn Thị Nhung,0383915777,Cao Nguyễn Bích Huyền,VF2,VF2 màu cơ bản,CE2Q,Màu đỏ Ruby,188000000.0,
Thuận An,02.01.08,02.0264/10/2026/HĐMB-MDP,05/10/2026,LƯƠNG VĂN THIỀNG,0325188839,Lê Thị Huyền Trang,VF8THM,VF8 Thế hệ mới,CE11,ĐEN,899000000.0,
Thuận An,02.01.08,02.0218/10/2026/HĐMB-MDP,05/10/2026,TRẦN CHÍ THANH,0939034472,ĐINH TRỌNG NHÂN,VF305,VF3 Plus tiêu chuẩn 2 màu cơ bản,CE18,Trắng,296000000.0,
Thuận An,02.01.08,02.0316/10/2026/HĐMB-MDP,05/10/2026,Trần Thị Lệ Xuân,0973144428,Nguyễn Anh Tiến,VF306,VF3 Plus tiêu chuẩn 2 màu nâng cao,181U,Vàng nóc trắng,304000000.0,
Thuận An,02.01.08,02.0238/10/2026/HĐMB-MDP,05/10/2026,LÊ THỊ HUỆ,0974797851,THÀNH NGỌC VINH,VF305,VF3 Plus tiêu chuẩn 2 màu cơ bản,CE1V,Xám,296000000.0,
Thuận An,02.01.08,02.0227/10/2026/HĐMB-MDP,05/10/2026,HỒ LONG HOA,0789080345,THÀNH NGỌC VINH,VF305,VF3 Plus tiêu chuẩn 2 màu cơ bản,CE1V,Xám,296000000.0,
Vũng Tàu,02.01.12,02.0312/10/2026/HĐMB-MDP,05/10/2026,CÔNG TY TNHH MỘT THÀNH VIÊN PHÁT TRIỂN THIÊN AN,0783566567,Trần Quang Hòa,VF8THMMNC,VF8 thế hệ mới màu nâng cao,1132,Cam nóc đen,911000000.0,
Vũng Tàu,02.01.12,02.0254/10/2026/HĐMB-MDP,05/10/2026,ĐẶNG NGUYỄN QUỐC BẢO,0902890756,Huỳnh Tấn Lộc,VF501,VF5 Plus màu cơ bản,CE18,Trắng,496000000.0,
Vũng Tàu,02.01.12,02.0306/10/2026/HĐMB-MDP,05/10/2026,Nguyễn Thừa Phong,0338128129,Trương Mạnh Tiến,LIMO,LIMO GREEN,CE18,Trắng,699000000.0,
Vũng Tàu,02.01.12,02.0296/10/2026/HĐMB-MDP,05/10/2026,Quách Tiến Huy,0908165774,Trần Mạnh Hùng,VF2,VF2 màu cơ bản,CE18,Trắng,188000000.0,
Vũng Tàu,02.01.12,02.0239/10/2026/HĐMB-MDP,05/10/2026,Trần Văn Việt,0362196687,Trương Mạnh Tiến,VF8THM,VF8 Thế hệ mới,CE18,Trắng,899000000.0,
Vũng Tàu,02.01.12,02.0257/10/2026/HĐMB-MDP,05/10/2026,Trương Hoàng Bảo,0909136631,Trương Mạnh Tiến,LIMO,LIMO GREEN,CE18,Trắng,699000000.0,
Vũng Tàu,02.01.12,02.0301/10/2026/HĐMB-MDP,05/10/2026,Phạm Tuân,0908563525,Nguyễn Văn Tú,LIMO,LIMO GREEN,CE11,ĐEN,699000000.0,
Vũng Tàu,02.01.12,02.0315/10/2026/HĐMB-MDP,05/10/2026,Phạm Hồng Phi Cảnh,0971255092,Lê Hoàng Luân,LIMO,LIMO GREEN,CE18,Trắng,699000000.0,
Hà Huy Giáp,02.01.20,02.0224/10/2026/HĐMB-MDP,05/10/2026,Triệu Ngọc Anh,0918984805,NGUYỄN HOÀNG VIỆT,VF2,VF2 màu cơ bản,CE2Q,Màu đỏ Ruby,188000000.0,
Hà Huy Giáp,02.01.20,02.0288/10/2026/HĐMB-MDP,05/10/2026,CÔNG TY TNHH SẢN XUẤT GIÀY DÉP HUY HOÀNG,0974543820,Huỳnh Hữu Kha,ECVANNCCT,EC VAN Nâng cao Cửa trượt,CE1W,Xanh Lá Nhạt,306000000.0,
Hà Huy Giáp,02.01.20,02.0228/10/2026/HĐMB-MDP,05/10/2026,Nguyễn Thị Kim Cương,0856143186,Trần Thạnh Phước,VF2,VF2 màu cơ bản,CE2Q,Màu đỏ Ruby,188000000.0,
Hà Huy Giáp,02.01.20,02.0282/10/2026/HĐMB-MDP,05/10/2026,DƯƠNG THỊ TUYẾT LOAN,0865575879,NGUYỄN THỊ LỆ THANH,LIMO,LIMO GREEN,CE18,Trắng,699000000.0,
Hà Huy Giáp,02.01.20,02.0318/10/2026/HĐMB-MDP,05/10/2026,NGÔ VĂN THANH,0932773752,Phạm Ngọc Thành,LIMO,LIMO GREEN,CE18,Trắng,699000000.0,
Phạm Văn Đồng,02.01.21,02.0300/10/2026/HĐMB-MDP,05/10/2026,Mai Xuân Hoàng,0975776663,HỒ HOÀNG HẢI,VF501,VF5 Plus màu cơ bản,CE18,Trắng,496000000.0,
Phạm Văn Đồng,02.01.21,02.0240/10/2026/HĐMB-MDP,05/10/2026,QUÁCH DIỄM THY,0981542361,Mai Trung Hiếu,ECVANNC,EC VAN Nâng cao,CE18,Trắng,286000000.0,
Phạm Văn Đồng,02.01.21,02.0277/10/2026/HĐMB-MDP,05/10/2026,Hoàng Đình Thống,0977311250,NGUYỄN DUY TÂN,LIMO,LIMO GREEN,CE2Q,Màu đỏ Ruby,699000000.0,
Phạm Văn Đồng,02.01.21,02.0283/10/2026/HĐMB-MDP,05/10/2026,Nguyễn Thị Hồng Vân,0776665776,Lê Hữu Tuấn,VF306,VF3 Plus tiêu chuẩn 2 màu nâng cao,CE1W,Xanh Lá Nhạt,304000000.0,
Ba Tháng Hai,02.01.07,02.0212/10/2026/HĐMB-MDP,04/10/2026,Công ty TNHH Lucas Food,0938216399,NGUYỄN THÁI VẠN,VF8THM,VF8 Thế hệ mới,CE11,ĐEN,899000000.0,
Thuận An,02.01.08,02.0213/10/2026/HĐMB-MDP,04/10/2026,LÊ THỊ THANH THẢO,0966949138,Lê Thị Huyền Trang,VF2,VF2 màu cơ bản,CE18,Trắng,188000000.0,
Thuận An,02.01.08,02.0203/10/2026/HĐMB-MDP,04/10/2026,TRẦN VĂN HÙNG,0865971345,Nguyễn Thị Yến Vy,VF605,VF6 Plus Tiêu chuẩn 2 màu cơ bản,CE18,Trắng,699000000.0,
Hà Huy Giáp,02.01.20,02.0197/10/2026/HĐMB-MDP,04/10/2026,Đặng Thành Hoàng,0352139739,Huỳnh Hữu Kha,VFMPV7,VF MPV 7,CE18,Trắng,750000000.0,
Phạm Văn Đồng,02.01.21,02.0205/10/2026/HĐMB-MDP,04/10/2026,Nguyễn Lương Công,0969116066,Tống Hòa Hiệp,VF501,VF5 Plus màu cơ bản,CE18,Trắng,496000000.0,
Phạm Văn Đồng,02.01.21,02.0211/10/2026/HĐMB-MDP,04/10/2026,Nguyễn Chí Tuân,0866099845,Lê Minh Đức Huy,LIMO,LIMO GREEN,CE2Q,Màu đỏ Ruby,699000000.0,
Ba Tháng Hai,02.01.07,02.0174/10/2026/HĐMB-MDP,03/10/2026,Từ Kim Đạt,0913229430,NGUYỄN TRẦN KHÁNH MINH,VF2,VF2 màu cơ bản,CE18,Trắng,188000000.0,
Ba Tháng Hai,02.01.07,02.0167/10/2026/HĐMB-MDP,03/10/2026,Nguyễn Thành Lâm,0909633715,Cao Nguyễn Bích Huyền,LIMO,LIMO GREEN,CE17,Bạc,699000000.0,
Ba Tháng Hai,02.01.07,02.0185/10/2026/HĐMB-MDP,03/10/2026,TRẦN XUÂN HÙNG,0908096638,Huỳnh Nguyễn Hoàng Vinh,LIMO,LIMO GREEN,CE18,Trắng,699000000.0,
Thuận An,02.01.08,02.0158/10/2026/HĐMB-MDP,03/10/2026,Lê Minh Đăng,0899990869,Nguyễn Thanh Cả,VF501,VF5 Plus màu cơ bản,CE18,Trắng,496000000.0,
Thuận An,02.01.08,02.0154/10/2026/HĐMB-MDP,03/10/2026,LÊ VĂN PHÚC,0973489842,Nguyễn Văn Nghĩa,ECVANNC,EC VAN Nâng cao,CE1M,Đỏ,286000000.0,
Thuận An,02.01.08,02.0169/10/2026/HĐMB-MDP,03/10/2026,NGUYỄN VĂN KHOA,0387287797,Võ Thế Lân,VF605,VF6 Plus Tiêu chuẩn 2 màu cơ bản,CE18,Trắng,699000000.0,
Vũng Tàu,02.01.12,02.0157/10/2026/HĐMB-MDP,03/10/2026,CÔNG TY TNHH DỊCH VỤ VẬN TẢI ANH QUỐC,0938226677,BÙI ĐỨC THÀNH,LIMO,LIMO GREEN,CE2Q,Màu đỏ Ruby,699000000.0,
Vũng Tàu,02.01.12,02.0179/10/2026/HĐMB-MDP,03/10/2026,CHI  NHÁNH CÔNG TY TNHH HÀ LỘC - NHÀ MÁY XỬ LÝ CHẤT THẢI NGUY HẠI HÀ LỘC,02543948255,Vũ Khánh Duy,VFMPV7,VF MPV 7,CE1V,Xám,750000000.0,
Hà Huy Giáp,02.01.20,02.0195/10/2026/HĐMB-MDP,03/10/2026,THẠCH VĂN THUẬN,0336326711,Nguyễn Văn Cường,VF603,VF6 Eco Tiêu chuẩn,CE18,Trắng,646000000.0,
Hà Huy Giáp,02.01.20,02.0187/10/2026/HĐMB-MDP,03/10/2026,CÔNG TY TNHH THƯƠNG MẠI VÀ DỊCH VỤ ĐIỆN TỬ MINH ANH,02836366454,Nguyễn Hoàng Phú,VF305,VF3 Plus tiêu chuẩn 2 màu cơ bản,CE18,Trắng,296000000.0,
Phạm Văn Đồng,02.01.21,02.0172/10/2026/HĐMB-MDP,03/10/2026,Trương Văn Đạt,0784305252,Tống Hòa Hiệp,VF501,VF5 Plus màu cơ bản,CE1V,Xám,496000000.0,
Phạm Văn Đồng,02.01.21,02.0189/10/2026/HĐMB-MDP,03/10/2026,ĐẶNG NGUYỄN HOÀNG DUY,0836231022,Nguyễn Nhật Anh,VF305,VF3 Plus tiêu chuẩn 2 màu cơ bản,CE18,Trắng,296000000.0,
Phạm Văn Đồng,02.01.21,02.0181/10/2026/HĐMB-MDP,03/10/2026,Nguyễn Tấn Đạt,0339721761,Trần Thị Nguyệt Bạch,VF501,VF5 Plus màu cơ bản,CE18,Trắng,496000000.0,
Phạm Văn Đồng,02.01.21,02.0150/10/2026/HĐMB-MDP,03/10/2026,HUỲNH VĂN VỌNG,0987132367,NGUYỄN DUY TÂN,VF605,VF6 Plus Tiêu chuẩn 2 màu cơ bản,CE11,ĐEN,699000000.0,
Ba Tháng Hai,02.01.07,02.0115/10/2026/HĐMB-MDP,02/10/2026,CÔNG TY TNHH NĂNG LƯỢNG AN HUY,0974717661,Võ Văn Vinh,ECVANNCCT,EC VAN Nâng cao Cửa trượt,CE1U,Vàng,306000000.0,
Ba Tháng Hai,02.01.07,02.0106/10/2026/HĐMB-MDP,02/10/2026,Bùi Văn Cường,0977078573,BÙI XUÂN ĐẠT,VF2,VF2 màu cơ bản,CE18,Trắng,188000000.0,
Ba Tháng Hai,02.01.07,02.0118/10/2026/HĐMB-MDP,02/10/2026,Công Ty Cổ Phần Yến Đảo Cần Giờ,0869891983,Lê Hoài Nam,VF305,VF3 Plus tiêu chuẩn 2 màu cơ bản,CE1V,Xám,296000000.0,
Thuận An,02.01.08,02.0127/10/2026/HĐMB-MDP,02/10/2026,HUỲNH THỊ MỸ NHÂN,0983983158,Tống Thành Đạt,LIMO,LIMO GREEN,CE11,ĐEN,699000000.0,
Thuận An,02.01.08,02.0110/10/2026/HĐMB-MDP,02/10/2026,NGUYỄN THỊ TUYẾT MAI,0989280570,Lê Thị Huyền Trang,VF305,VF3 Plus tiêu chuẩn 2 màu cơ bản,CE18,Trắng,296000000.0,
Thuận An,02.01.08,02.0107/10/2026/HĐMB-MDP,02/10/2026,Trần Thị Tâm,0941100904,Phạm Khánh Duy,VF306,VF3 Plus tiêu chuẩn 2 màu nâng cao,1821,Hồng Phấn,304000000.0,
Thuận An,02.01.08,02.0129/10/2026/HĐMB-MDP,02/10/2026,CÔNG TY CỔ PHẦN KỸ THUẬT ĐIỆN KYM,0913236476,Đào Minh Ký,VF305,VF3 Plus tiêu chuẩn 2 màu cơ bản,CE18,Trắng,296000000.0,
Thuận An,02.01.08,02.0128/10/2026/HĐMB-MDP,02/10/2026,LÊ QUỐC PHONG,0934385670,Phạm Trọng Huy,ECVANNCCT,EC VAN Nâng cao Cửa trượt,CE1W,Xanh Lá Nhạt,306000000.0,
Vũng Tàu,02.01.12,02.0143/10/2026/HĐMB-MDP,02/10/2026,Nguyễn Trường Quỳnh Như,0932626999,Lê Hoàng Luân,VF605,VF6 Plus Tiêu chuẩn 2 màu cơ bản,CE1M,Đỏ,699000000.0,
Vũng Tàu,02.01.12,02.0138/10/2026/HĐMB-MDP,02/10/2026,Đoàn Thị Quỳnh Như,0984803647,Lê Trần Quốc Huy,VF8THMMNC,VF8 thế hệ mới màu nâng cao,1132,Cam nóc đen,911000000.0,
Vũng Tàu,02.01.12,02.0091/10/2026/HĐMB-MDP,02/10/2026,Lương Trần Phương Linh,0914532059,Nguyễn Công Anh,VF605,VF6 Plus Tiêu chuẩn 2 màu cơ bản,CE2Q,Màu đỏ Ruby,699000000.0,
Vũng Tàu,02.01.12,02.0131/10/2026/HĐMB-MDP,02/10/2026,Đỗ Thị Lưu,0793943193,Nguyễn Công Anh,LIMO,LIMO GREEN,CE18,Trắng,699000000.0,
Vũng Tàu,02.01.12,02.0135/10/2026/HĐMB-MDP,02/10/2026,Nguyễn Anh Minh,0908108345,Vũ Khánh Duy,VF2,VF2 màu cơ bản,CE18,Trắng,188000000.0,
Vũng Tàu,02.01.12,02.0088/10/2026/HĐMB-MDP,02/10/2026,Đồng Văn Vinh,09343356139,Mai Văn Huy,VF8THM,VF8 Thế hệ mới,CE18,Trắng,899000000.0,
Vũng Tàu,02.01.12,02.0123/10/2026/HĐMB-MDP,02/10/2026,Trần Anh Tuấn,0906456908,Trần Quang Hòa,PE1U01,VF9 Eco Tiêu chuẩn 1 Màu cơ bản,CE1V,Xám,1499000000.0,
Vũng Tàu,02.01.12,02.0083/10/2026/HĐMB-MDP,02/10/2026,BÙI VĂN TRẦM,0775621928,Vũ Khánh Duy,VF8THM,VF8 Thế hệ mới,CE11,ĐEN,899000000.0,
Vũng Tàu,02.01.12,02.0126/10/2026/HĐMB-MDP,02/10/2026,Phan Thị Hấn,0368324197,Trương Minh Tài,LIMO,LIMO GREEN,CE18,Trắng,699000000.0,
Vũng Tàu,02.01.12,02.0121/10/2026/HĐMB-MDP,02/10/2026,Nguyễn Thị Mộng Thường,0937252144,Trương Minh Tài,LIMO,LIMO GREEN,CE2Q,Màu đỏ Ruby,699000000.0,
Hà Huy Giáp,02.01.20,02.0130/10/2026/HĐMB-MDP,02/10/2026,TRIỆU NGỌC TÂM,0918984804,NGUYỄN HOÀNG VIỆT,VF2,VF2 màu cơ bản,CE2Q,Màu đỏ Ruby,188000000.0,
Hà Huy Giáp,02.01.20,02.0111/10/2026/HĐMB-MDP,02/10/2026,Huỳnh Như Phúc,0909175409,Nguyễn Anh Phương,LIMO,LIMO GREEN,CE18,Trắng,699000000.0,
Phạm Văn Đồng,02.01.21,02.0086/10/2026/HĐMB-MDP,02/10/2026,Trương Phạm Vũ Hoài Anh,0365866169,HỒ THỊ THU THẢO,VF306,VF3 Plus tiêu chuẩn 2 màu nâng cao,CE1W,Xanh Lá Nhạt,304000000.0,
Ba Tháng Hai,02.01.07,02.0015/10/2026/HĐMB-MDP,01/10/2026,Huỳnh Xuân Lộc,0935246266,Phạm Văn Phương,VF501,VF5 Plus màu cơ bản,CE18,Trắng,496000000.0,
Ba Tháng Hai,02.01.07,02.0013/10/2026/HĐMB-MDP,01/10/2026,Nguyễn Hoàng Huy,0373077787,Đoàn Văn Nhựt,LIMO,LIMO GREEN,CE18,Trắng,699000000.0,
Ba Tháng Hai,02.01.07,02.0026/10/2026/HĐMB-MDP,01/10/2026,Mai Thúy Vinh,0918398420,HUỲNH TUẤN KIỆT,LIMO,LIMO GREEN,CE18,Trắng,699000000.0,
Ba Tháng Hai,02.01.07,02.0005/10/2026/HĐMB-MDP,01/10/2026,NGUYỄN PHƯỚC BẢO HÂN,0902433568,Tưởng Phúc Thanh,PD1U07,VF8 Plus Limited,CE11,ĐEN,1079000000.0,
Thuận An,02.01.08,02.0009/10/2026/HĐMB-MDP,01/10/2026,CHỐNG KIM BÌNH,0389391172,Lê Thị Thúy Nga,VF2,VF2 màu cơ bản,CE17,Bạc,188000000.0,
Thuận An,02.01.08,02.0017/10/2026/HĐMB-MDP,01/10/2026,HUỲNH THÁI THANH,0391888012,Nguyễn Dư Thuận,ECVAN,EC VAN,CE18,Trắng,285000000.0,
Thuận An,02.01.08,02.0031/10/2026/HĐMB-MDP,01/10/2026,Phan Thị Trúc Linh,0383411390,Trần Danh Phương,VF501,VF5 Plus màu cơ bản,CE18,Trắng,496000000.0,
Vũng Tàu,02.01.12,02.0053/10/2026/HĐMB-MDP,01/10/2026,Trần Lưu Huỳnh,0868881582,Lê Hoàng Luân,LIMO,LIMO GREEN,CE1M,Đỏ,699000000.0,
Vũng Tàu,02.01.12,02.0047/10/2026/HĐMB-MDP,01/10/2026,Nguyễn Hữu Tấn,0785249607,Nguyễn Văn Hùng,VF603,VF6 Eco Tiêu chuẩn,CE18,Trắng,646000000.0,
Vũng Tàu,02.01.12,02.0035/10/2026/HĐMB-MDP,01/10/2026,MAI VĂN HIẾU,0976555733,Nguyễn Công Anh,VF8THM,VF8 Thế hệ mới,CE18,Trắng,899000000.0,
Vũng Tàu,02.01.12,02.0016/10/2026/HĐMB-MDP,01/10/2026,PHẠM NGỌC HOÀI,0908827012,BÙI ĐỨC THÀNH,VF2,VF2 màu cơ bản,CE18,Trắng,188000000.0,
Vũng Tàu,02.01.12,02.0002/10/2026/HĐMB-MDP,01/10/2026,Huỳnh Thiện Hậu,0911064064,Lê Trần Quốc Huy,VF305,VF3 Plus tiêu chuẩn 2 màu cơ bản,CE1V,Xám,296000000.0,
Vũng Tàu,02.01.12,02.0060/10/2026/HĐMB-MDP,01/10/2026,NGUYỄN THỊ HỒNG NHUNG,0908059249,Trần Mai Ninh,VF2,VF2 màu cơ bản,CE18,Trắng,188000000.0,
Vũng Tàu,02.01.12,02.0072/10/2026/HĐMB-MDP,01/10/2026,Lương Trần Phương Linh,0914532059,Trần Phú Vũ,VF605,VF6 Plus Tiêu chuẩn 2 màu cơ bản,CE2Q,Màu đỏ Ruby,699000000.0,
Hà Huy Giáp,02.01.20,02.0057/10/2026/HĐMB-MDP,01/10/2026,Nguyễn Thị Mỹ Khanh,0967046393,Nguyễn Anh Phương,HERIOTC2,VF5 HERIO GREEN Tiêu chuẩn 2,CE17,Bạc,450000000.0,
Hà Huy Giáp,02.01.20,02.0077/10/2026/HĐMB-MDP,01/10/2026,Bùi Thị Liên,0984123207,Nguyễn Lý Quang Minh,VF605,VF6 Plus Tiêu chuẩn 2 màu cơ bản,CE18,Trắng,699000000.0,
Hà Huy Giáp,02.01.20,02.0051/10/2026/HĐMB-MDP,01/10/2026,CÔNG TY CỔ PHẦN THÔNG QUAN VIỆT ĐỨC,0942977988,Huỳnh Hữu An,VF8THM,VF8 Thế hệ mới,CE11,ĐEN,899000000.0,
Hà Huy Giáp,02.01.20,02.0032/10/2026/HĐMB-MDP,01/10/2026,ĐÀO NHƯ QUỲNH,0818606118,Phạm Hồ Hiệp,VF793,VF7 Plus trần thép Tiêu chuẩn 3 - 2 cầu - màu cơ bản,CE18,Trắng,920000000.0,
Phạm Văn Đồng,02.01.21,02.0033/10/2026/HĐMB-MDP,01/10/2026,NGUYỄN THỤY THANH TUYỀN,0932144337,Phạm Thị Khánh Huyền,VF305,VF3 Plus tiêu chuẩn 2 màu cơ bản,CE18,Trắng,296000000.0,
Phạm Văn Đồng,02.01.21,02.0049/10/2026/HĐMB-MDP,01/10/2026,Công Ty Cổ Phần Dịch Vụ Thương Mại Vận Tải Nguyễn Sơn,0903714094,Trần Nguyễn Tuấn Hưng,VF706,VF7 Eco Tiêu chuẩn 2,CE11,ĐEN,740000000.0,
