showroom,Ma_TTCP_H,so_hoa_don,ngay_hd,ten_kh,tvbh,ma_kx,ten_kx,ma_mau,ten_mau,so_khung,so_may,so_hop_dong,tong_thanh_toan
Ba Tháng Hai,02.01.07,0231/10/26,09/10/2026,Vương Trọng Nguyễn,Lê Văn Ký,VF8THM,VF8 Thế hệ mới,CE11,ĐEN,RLLV3FUV2TH839360,VFLANB269110250,02.2090/09/2026/HĐMB-MDP,783050000.0
Ba Tháng Hai,02.01.07,0232/10/26,09/10/2026,Trịnh Mai Thu,TRẦN KHÁNH DUNG,LIMO,LIMO GREEN,CE11,ĐEN,RLLVFPNT2TH812203,ENBALB266210162,02.0222/10/2026/HĐMB-MDP,609090000.0
Ba Tháng Hai,02.01.07,0235/10/26,09/10/2026,NGUYỄN ĐỨC MẠNH VŨ,Phạm Phú Quí,VF305,VF3 Plus tiêu chuẩn 2 màu cơ bản,CE18,Trắng,RLNVBL9K6TT750167,TZ160X30G26081300384,02.0440/06/2026/HĐMB-MDP,287120000.0
Ba Tháng Hai,02.01.07,0236/10/26,09/10/2026,TRẦN XUÂN HÙNG,Huỳnh Nguyễn Hoàng Vinh,LIMO,LIMO GREEN,CE18,Trắng,RLLVFPNT6TH845575,ENBALB266290872,02.0185/10/2026/HĐMB-MDP,636090000.0
Ba Tháng Hai,02.01.07,0237/10/26,09/10/2026,Công Ty Cổ Phần Giải Pháp Thương Mại Việt Nam Sài Gòn,Cao Nguyễn Bích Huyền,VF305,VF3 Plus tiêu chuẩn 2 màu cơ bản,CE1V,Xám,RLNVBL9K7TT737038,TZ160X30G26060700293,02.0291/10/2026/HĐMB-MDP,281120000.0
Ba Tháng Hai,02.01.07,0240/10/26,09/10/2026,BÙI XUÂN THÀNH,Lê Hải Long,LIMO,LIMO GREEN,CE18,Trắng,RLLVFPNT5TH845549,ENBALB268040298,02.0570/10/2026/HĐMB-MDP,611090000.0
Thuận An,02.01.08,0264/10/26,09/10/2026,CÔNG TY TNHH MỘT THÀNH VIÊN HỮU HÀ,THÀNH NGỌC VINH,VF305,VF3 Plus tiêu chuẩn 2 màu cơ bản,CE1V,Xám,RLNVBL9K3TT742897,TZ160X30G26071300236,02.0435/10/2026/HĐMB-MDP,281120000.0
Thuận An,02.01.08,0265/10/26,09/10/2026,NGUYỄN TRUNG HẬU,NGUYỄN HOÀNG KHANG HUY,LIMO,LIMO GREEN,CE18,Trắng,RLLVFPNT8TH804946,ENBALB265230213,02.0360/10/2026/HĐMB-MDP,606090000.0
Thuận An,02.01.08,0266/10/26,09/10/2026,CÔNG TY TNHH INTERNET WOOD GLUE (VIETNAM),NGUYỄN THIỆN THẢO,VF302,VF3 tiêu chuẩn 2 màu cơ bản,CE1V,Xám,RLNVBL9K6TT741355,TZ160X30G26062300155,02.0533/10/2026/HĐMB-MDP,276450000.0
Hà Huy Giáp,02.01.20,0247/10/26,09/10/2026,DƯƠNG THỊ TUYẾT LOAN,NGUYỄN THỊ LỆ THANH,LIMO,LIMO GREEN,CE18,Trắng,RLLVFPNT9TH843982,ENBALB268030149,02.0282/10/2026/HĐMB-MDP,609090000.0
Phạm Văn Đồng,02.01.21,0267/10/26,09/10/2026,HUỲNH VĂN CÒN,Nguyễn Nhật Anh,VF2,VF2 màu cơ bản,CE2Q,Màu đỏ Ruby,RLNVMNMS3TT710643,HLSA3A268180101,02.1208/07/2026/HĐMB-MDP,170360000.0
Phạm Văn Đồng,02.01.21,0268/10/26,09/10/2026,CÔNG TY CỔ PHẦN THƯƠNG MẠI SIM BA,HỒ HOÀNG HẢI,ECVANNCCT,EC VAN Nâng cao Cửa trượt,CE1U,Vàng,RNXVGRWK8TT745705,TZ155XZC03026063000021,02.2037/09/2026/HĐMB-MDP,290700000.0
Phạm Văn Đồng,02.01.21,0269/10/26,09/10/2026,CÔNG TY CỔ PHẦN THƯƠNG MẠI SIM BA,HỒ HOÀNG HẢI,ECVANNCCT,EC VAN Nâng cao Cửa trượt,CE1U,Vàng,RNXVGRWK2TT745960,TZ155XZC03026073100048,02.2040/09/2026/HĐMB-MDP,290700000.0
Phạm Văn Đồng,02.01.21,0270/10/26,09/10/2026,CÔNG TY CỔ PHẦN THƯƠNG MẠI SIM BA,HỒ HOÀNG HẢI,ECVANNCCT,EC VAN Nâng cao Cửa trượt,CE1U,Vàng,RNXVGRWK9TT723180,TZ155XZC03026040800022,02.2032/09/2026/HĐMB-MDP,290700000.0
Phạm Văn Đồng,02.01.21,0271/10/26,09/10/2026,CÔNG TY CỔ PHẦN THƯƠNG MẠI SIM BA,HỒ HOÀNG HẢI,ECVANNCCT,EC VAN Nâng cao Cửa trượt,CE1U,Vàng,RNXVGRWK1TT745707,TZ155XZC03026063000089,02.2035/09/2026/HĐMB-MDP,290700000.0
Phạm Văn Đồng,02.01.21,0272/10/26,09/10/2026,NGUYỄN VĂN HẠT,HỒ THỊ THU THẢO,LIMO,LIMO GREEN,CE18,Trắng,RLLVFPNTXTH847314,ENBALB265300168,02.0363/10/2026/HĐMB-MDP,602090000.0
Phạm Văn Đồng,02.01.21,0277/10/26,09/10/2026,NGUYỄN LƯƠNG CÔNG,Tống Hòa Hiệp,VF501,VF5 Plus màu cơ bản,CE18,Trắng,RLNV5JSE1TH792412,VFCAFB266160201,02.0205/10/2026/HĐMB-MDP,421360000.0
Phạm Văn Đồng,02.01.21,0279/10/26,09/10/2026,LÊ THỊ THU THỦY,Tống Hòa Hiệp,VF305,VF3 Plus tiêu chuẩn 2 màu cơ bản,CE18,Trắng,RLNVBL9K9TT744671,TZ160X30G26072100151,02.0529/10/2026/HĐMB-MDP,277120000.0
Phạm Văn Đồng,02.01.21,0280/10/26,09/10/2026,HOÀNG ĐÌNH THỐNG,NGUYỄN DUY TÂN,LIMO,LIMO GREEN,CE2Q,Màu đỏ Ruby,RLLVFPNT5TH812664,ENBALB266120061,02.0277/10/2026/HĐMB-MDP,606090000.0
Phạm Văn Đồng,02.01.21,0227/10/26,09/10/2026,NGUYỄN PHẠM HOÀNG THANH,Kiều Thanh Phong,ECVANNC,EC VAN Nâng cao,CE18,Trắng,RNXVGRPK7TT741109,TZ155XZC03026061300019,02.0369/10/2026/HĐMB-MDP,268700000.0
Ba Tháng Hai,02.01.07,0185/10/26,08/10/2026,CÔNG TY TNHH DỊCH VỤ THƯƠNG MẠI THỊ BÔNG GROUP,Tưởng Phúc Thanh,ECVANNCCT,EC VAN Nâng cao Cửa trượt,CE1U,Vàng,RNXVGRWK7TT723078,TZ155XZC03026033100032,02.1307/06/2026/HĐMB-MDP,280700000.0
Thuận An,02.01.08,0210/10/26,08/10/2026,LÊ THỊ HUỆ,THÀNH NGỌC VINH,VF305,VF3 Plus tiêu chuẩn 2 màu cơ bản,CE1V,Xám,RLNVBL9K9TT741561,TZ160X30G26062400185,02.0238/10/2026/HĐMB-MDP,282120000.0
Thuận An,02.01.08,0211/10/26,08/10/2026,HOÀNG TRUNG THÔNG,Nguyễn Anh Tiến,VF2,VF2 màu cơ bản,CE17,Bạc,RLNVMNMS4TT710523,HLSA3A266080154,02.0521/07/2026/HĐMB-MDP,181460000.0
Thuận An,02.01.08,0212/10/26,08/10/2026,PHAN THỊ TRÚC LINH,Trần Danh Phương,VF501,VF5 Plus màu cơ bản,CE18,Trắng,RLNV5JSE5TH838811,VFCAFB269090061,02.0031/10/2026/HĐMB-MDP,423360000.0
Thuận An,02.01.08,0213/10/26,08/10/2026,LÊ HOÀNG AN,Nguyễn Dư Thuận,VF305,VF3 Plus tiêu chuẩn 2 màu cơ bản,CE1V,Xám,RLNVBL9K2TT746701,TZ160X30G26072700223,02.0361/10/2026/HĐMB-MDP,281120000.0
Thuận An,02.01.08,0214/10/26,08/10/2026,TRẦN VĂN SANG,Phạm Thị Thúy Nga,LIMO,LIMO GREEN,CE18,Trắng,RLLVFPNT1TH844124,ENBALB267160284,02.2041/09/2026/HĐMB-MDP,611090000.0
Thuận An,02.01.08,0215/10/26,08/10/2026,HUỲNH THỊ MỸ NHÂN,Tống Thành Đạt,LIMO,LIMO GREEN,CE11,ĐEN,RLLVFPNT3TH809987,ENBALB265280191,02.0127/10/2026/HĐMB-MDP,607090000.0
Thuận An,02.01.08,0216/10/26,08/10/2026,TRƯƠNG TRUNG NHÃ,TẤT BÁCH TƯỜNG,LIMO,LIMO GREEN,CE18,Trắng,RLLVFPNT4TH801008,ENBALB266040356,02.0384/10/2026/HĐMB-MDP,608090000.0
Thuận An,02.01.08,0217/10/26,08/10/2026,LÊ HOÀNG AN,Nguyễn Dư Thuận,VF501,VF5 Plus màu cơ bản,CE1V,Xám,RLNV5JSEXTH803441,VFCAFB266300199,02.0358/10/2026/HĐMB-MDP,446360000.0
Vũng Tàu,02.01.12,0222/10/26,08/10/2026,Phan Thị Hấn,Trương Minh Tài,LIMO,LIMO GREEN,CE18,Trắng,RLLVFPNT3TH839328,ENBALB267240112,02.0126/10/2026/HĐMB-MDP,608090000.0
Hà Huy Giáp,02.01.20,0197/10/26,08/10/2026,NGUYỄN THỊ PHƯƠNG,Huỳnh Hữu Bảo,VF302,VF3 tiêu chuẩn 2 màu cơ bản,CE18,Trắng,RLNVBLEK4TT745748,TZ160X30G26072300276,02.1248/09/2026/HĐMB-MDP,266450000.0
Hà Huy Giáp,02.01.20,0199/10/26,08/10/2026,NGUYỄN THÁI NGỌC,Trần Trọng Hiếu,VF8THM,VF8 Thế hệ mới,CE18,Trắng,RLLV3FUV7TH848779,VFLANB269220276,02.2096/09/2026/HĐMB-MDP,750070000.0
Hà Huy Giáp,02.01.20,0184/10/26,08/10/2026,NGUYỄN THỊ NGỌC PHI,Nguyễn Quang Huy,VF501,VF5 Plus màu cơ bản,CE1V,Xám,RLNV5JSE9TH803317,VFCAFB266300144,02.0468/10/2026/HĐMB-MDP,427360000.0
Hà Huy Giáp,02.01.20,0175/10/26,08/10/2026,NGUYỄN VĂN HỢP,Phạm Hồ Hiệp,VF8THM,VF8 Thế hệ mới,CE18,Trắng,RLLV3FUV4TH848870,VFLANB268200144,02.0731/08/2026/HĐMB-MDP,767050000.0
Hà Huy Giáp,02.01.20,0176/10/26,08/10/2026,TRỊNH TUẤN VŨ,ĐỖ THỊ THẢO QUYÊN,VF8THM,VF8 Thế hệ mới,CE18,Trắng,RLLV3FUV7TH848541,VFLANB269240075,02.0180/09/2026/HĐMB-MDP,773050000.0
Hà Huy Giáp,02.01.20,0177/10/26,08/10/2026,NGUYỄN HUỲNH BẢO THẠCH,NGUYỄN THỊ LỆ THANH,VF2,VF2 màu cơ bản,CE18,Trắng,RLNVMNRS6TT711021,HLSA3A268090178,02.0572/08/2026/HĐMB-MDP,180000000.0
Hà Huy Giáp,02.01.20,0178/10/26,08/10/2026,TRẦN HỮU TÀI,Vũ Quang Thuấn,VF605,VF6 Plus Tiêu chuẩn 2 màu cơ bản,CE18,Trắng,RLLVAG8C3TH845995,VFBALB269200072,02.2195/09/2026/HĐMB-MDP,609090000.0
Hà Huy Giáp,02.01.20,0180/10/26,08/10/2026,HOÀNG TRỌNG MINH,Nguyễn Ngọc Thanh,VF2,VF2 màu cơ bản,CE17,Bạc,RLNVMNRS8TT709898,HLSA3A268200012,02.0242/08/2026/HĐMB-MDP,172360000.0
Phạm Văn Đồng,02.01.21,0181/10/26,08/10/2026,TRƯƠNG PHẠM VŨ HOÀI ANH,HỒ THỊ THU THẢO,VF306,VF3 Plus tiêu chuẩn 2 màu nâng cao,CE1W,Xanh Lá Nhạt,RLNVBL9KXTT735624,TZ160X30G26060300230,02.0086/10/2026/HĐMB-MDP,282880000.0
Phạm Văn Đồng,02.01.21,0183/10/26,08/10/2026,TỐNG QUANG BẢO HIỆP,HỒ THỊ THU THẢO,VF305,VF3 Plus tiêu chuẩn 2 màu cơ bản,CE18,Trắng,RLNVBL9K5TT750032,TZ160X30G26080400021,02.0436/10/2026/HĐMB-MDP,275120000.0
Phạm Văn Đồng,02.01.21,0171/10/26,08/10/2026,NGUYỄN THANH THỦY,HỒ THỊ THU THẢO,VF605,VF6 Plus Tiêu chuẩn 2 màu cơ bản,CE18,Trắng,RLLVAG8C7TH839441,VFBALB269090180,02.1539/09/2026/HĐMB-MDP,602090000.0
Phạm Văn Đồng,02.01.21,0186/10/26,08/10/2026,NGUYỄN TẤN ĐẠT,Trần Thị Nguyệt Bạch,VF501,VF5 Plus màu cơ bản,CE18,Trắng,RLNV5JSE9TH815094,VFCAFB267280140,02.0181/10/2026/HĐMB-MDP,413360000.0
Ba Tháng Hai,02.01.07,0129/10/26,07/10/2026,Phạm Quyết Thành,Huỳnh Nguyễn Hoàng Vinh,VF305,VF3 Plus tiêu chuẩn 2 màu cơ bản,CE18,Trắng,RLNVBLVK9TT748936,TZ160X30G26080300377,02.1704/09/2026/HĐMB-MDP,282020000.0
Ba Tháng Hai,02.01.07,0131/10/26,07/10/2026,Huỳnh Xuân Lộc,Phạm Văn Phương,VF501,VF5 Plus màu cơ bản,CE18,Trắng,RLNV5JSE6TH845847,VFCAFB269210040,02.0015/10/2026/HĐMB-MDP,426360000.0
Hà Huy Giáp,02.01.20,0139/10/26,07/10/2026,Đỗ Quốc Lập,Phạm Thị Thùy Linh,VF2,VF2 màu cơ bản,CE2Q,Màu đỏ Ruby,RLNVMNRS7TT710850,HLSA3A268200135,02.0902/09/2026/HĐMB-MDP,173760000.0
Hà Huy Giáp,02.01.20,0140/10/26,07/10/2026,Bùi Thị Liên,Nguyễn Lý Quang Minh,VF605,VF6 Plus Tiêu chuẩn 2 màu cơ bản,CE18,Trắng,RLLVAG8C1TH841248,VFBALB269120104,02.0077/10/2026/HĐMB-MDP,606090000.0
Phạm Văn Đồng,02.01.21,0164/10/26,07/10/2026,HUỲNH VĂN VỌNG,NGUYỄN DUY TÂN,VF605,VF6 Plus Tiêu chuẩn 2 màu cơ bản,CE11,ĐEN,RLLVAG8CXTH825257,VFBALB268140079,02.0150/10/2026/HĐMB-MDP,606090000.0
Ba Tháng Hai,02.01.07,0085/10/26,06/10/2026,Võ Thị Ngọc Trang,NGUYỄN THÁI VẠN,VF501,VF5 Plus màu cơ bản,CE18,Trắng,RLNV5JSE6TH846643,VFCAFB269220027,02.2140/09/2026/HĐMB-MDP,431360000.0
Ba Tháng Hai,02.01.07,0070/10/26,06/10/2026,Nguyễn Hoàng Huy,Đoàn Văn Nhựt,LIMO,LIMO GREEN,CE18,Trắng,RLLVFPNT2TH827140,ENBALB266250136,02.0013/10/2026/HĐMB-MDP,611090000.0
Thuận An,02.01.08,0079/10/26,06/10/2026,LÊ QUỐC PHONG,Phạm Trọng Huy,ECVANNCCT,EC VAN Nâng cao Cửa trượt,CE1W,Xanh Lá Nhạt,RNXVGRWK7TT738745,TZ155XZC03026061300012,02.0128/10/2026/HĐMB-MDP,282700000.0
Thuận An,02.01.08,0080/10/26,06/10/2026,TRƯƠNG NGUYỄN QUỲNH NHƯ,Trần Danh Phương,VF2,VF2 màu cơ bản,CE18,Trắng,RLNVMNRS9TT710770,HLSA3A268130074,02.0809/09/2026/HĐMB-MDP,175210000.0
Thuận An,02.01.08,0081/10/26,06/10/2026,NGUYỄN VĂN KHOA,Võ Thế Lân,VF605,VF6 Plus Tiêu chuẩn 2 màu cơ bản,CE18,Trắng,RLLVAG8C3TH831644,VFBALB268180096,02.0169/10/2026/HĐMB-MDP,603090000.0
Vũng Tàu,02.01.12,0101/10/26,06/10/2026,Đoàn Thị Tâm,Nguyễn Văn Hùng,LIMO,LIMO GREEN,CE18,Trắng,RLLVFPNT4TH839290,ENBALB268060203,02.1019/09/2026/HĐMB-MDP,608090000.0
Vũng Tàu,02.01.12,0073/10/26,06/10/2026,Lương Trần Phương Linh,Nguyễn Công Anh,VF605,VF6 Plus Tiêu chuẩn 2 màu cơ bản,CE2Q,Màu đỏ Ruby,RLLVAG8C2TH833174,VFBALB268150073,02.0091/10/2026/HĐMB-MDP,603090000.0
Hà Huy Giáp,02.01.20,0089/10/26,06/10/2026,Nguyễn Thị Mỹ Khanh,Nguyễn Anh Phương,HERIOTC2,VF5 HERIO GREEN Tiêu chuẩn 2,CE17,Bạc,RLNV5JSE2TH732803,VFCAFB261070296,02.0057/10/2026/HĐMB-MDP,387500000.0
Phạm Văn Đồng,02.01.21,0094/10/26,06/10/2026,LƯU VĂN TRÍ,ĐỖ VĂN PHƯỢNG,VF305,VF3 Plus tiêu chuẩn 2 màu cơ bản,CE2Q,Màu đỏ Ruby,RLNVBL9K3TT731060,TZ160X30G26051300261,02.1042/08/2026/HĐMB-MDP,288520000.0
Phạm Văn Đồng,02.01.21,0099/10/26,06/10/2026,NGUYỄN THỤY THANH TUYỀN,Phạm Thị Khánh Huyền,VF305,VF3 Plus tiêu chuẩn 2 màu cơ bản,CE18,Trắng,RLNVBL9K6TT749858,TZ160X30G26080100108,02.0033/10/2026/HĐMB-MDP,278020000.0
Vũng Tàu,02.01.12,0064/10/26,05/10/2026,PHAN NGUYỄN VŨ ĐỨC,Huỳnh Tấn Lộc,VF501,VF5 Plus màu cơ bản,CE18,Trắng,RLNV5JSE5TH838744,VFCAFB269090035,02.1981/09/2026/HĐMB-MDP,423360000.0
Hà Huy Giáp,02.01.20,0039/10/26,05/10/2026,NGUYỄN THỊ TUYẾN,Huỳnh Sơn Tín,VF501,VF5 Plus màu cơ bản,CE2Q,Màu đỏ Ruby,RLNV5JSE9TH805620,VFCAFB267020272,02.1838/09/2026/HĐMB-MDP,411360000.0
Hà Huy Giáp,02.01.20,0040/10/26,05/10/2026,NGUYỄN MINH ĐỒNG,Huỳnh Hữu Bảo,VF8THM,VF8 Thế hệ mới,CE18,Trắng,RLLV3FUV7TH839399,VFLANB269100198,02.1313/05/2026/HĐMB-MDP,783050000.0
Phạm Văn Đồng,02.01.21,0062/10/26,05/10/2026,TRƯƠNG VĂN ĐẠT,Tống Hòa Hiệp,VF501,VF5 Plus màu cơ bản,CE1V,Xám,RLNV5JSE3TH804527,VFCAFB267020183,02.0172/10/2026/HĐMB-MDP,421360000.0
Phạm Văn Đồng,02.01.21,0063/10/26,05/10/2026,ĐOÀN QUANG HOÀN,Lê Hữu Tuấn,LIMO,LIMO GREEN,CE17,Bạc,RLLVFPNT9TH826504,ENBALB266240155,02.2007/09/2026/HĐMB-MDP,606090000.0
Ba Tháng Hai,02.01.07,0017/10/26,03/10/2026,Phạm Ngọc Phương,NGUYỄN THÁI VẠN,VF2,VF2 màu cơ bản,CE18,Trắng,RLNVMNRS9TT709182,HLSA3A266090022,02.2017/09/2026/HĐMB-MDP,168720000.0
Thuận An,02.01.08,0014/10/26,03/10/2026,NGUYỄN VĂN ĐỨC,NGUYỄN HOÀNG KHANG HUY,VF605,VF6 Plus Tiêu chuẩn 2 màu cơ bản,CE18,Trắng,RLLVAG8C0TH841158,VFBALB268150182,02.1824/09/2026/HĐMB-MDP,611090000.0
Thuận An,02.01.08,0015/10/26,03/10/2026,CÔNG TY TNHH SẢN XUẤT THƯƠNG MẠI DỊCH VỤ NHANG HUY KHÔI,Nguyễn Văn Nghĩa,ECVANNCCT,EC VAN Nâng cao Cửa trượt,CE18,Trắng,RNXVGRWK2TT717690,TZ155XZC03026020700064,02.2125/09/2026/HĐMB-MDP,284700000.0
Thuận An,02.01.08,0016/10/26,03/10/2026,HÀ HỮU HUY,Hà Hữu Huy,VF605,VF6 Plus Tiêu chuẩn 2 màu cơ bản,CE18,Trắng,RLLVAG8C3TH843146,VFBALB268140192,02.2075/09/2026/HĐMB-MDP,602090000.0
Vũng Tàu,02.01.12,0028/10/26,03/10/2026,Nguyễn Thị Thủy,Mai Văn Huy,VF605,VF6 Plus Tiêu chuẩn 2 màu cơ bản,CE1V,Xám,RLLVAG8C9TH841319,VFBALB269080226,02.1092/09/2026/HĐMB-MDP,636090000.0
Vũng Tàu,02.01.12,0029/10/26,03/10/2026,Đặng Phúc Tôn,Mai Văn Huy,VF305,VF3 Plus tiêu chuẩn 2 màu cơ bản,CE1V,Xám,RLNVBL9K5TT742898,TZ160X30G26071000093,02.2153/09/2026/HĐMB-MDP,278120000.0
Vũng Tàu,02.01.12,0030/10/26,03/10/2026,Nguyễn Thị Thanh,Lê Hoàng Luân,VF707,VF7 Plus trần thép Tiêu chuẩn 2 - 1 cầu - màu cơ bản,CE2Q,Màu đỏ Ruby,RLLV3FKC4TH763514,VFBALB264290109,02.1661/09/2026/HĐMB-MDP,748500000.0
Hà Huy Giáp,02.01.20,0010/10/26,02/10/2026,NGUYỄN KIM HUYÊN,Nguyễn Nhật Khang,VF2,VF2 màu cơ bản,CE18,Trắng,RLNVMNMS7TT710449,HLSA3A267140013,02.0041/09/2026/HĐMB-MDP,170360000.0
Thuận An,02.01.08,0001/10/26,01/10/2026,TRẦN QUANG MỸ,Trần Danh Phương,VF2,VF2 màu cơ bản,CE18,Trắng,RLNVMNRS8TT709545,HLSA3A267230046,02.2147/09/2026/HĐMB-MDP,175360000.0
Hà Huy Giáp,02.01.20,0004/10/26,01/10/2026,Trần Thị Bảo Ngọc,Nguyễn Minh Thanh,LIMO,LIMO GREEN,CE18,Trắng,RLLVFPNT1TH799878,ENBALB265300736,02.1702/09/2026/HĐMB-MDP,608090000.0
