STT,Tháng,Ngày phân bổ,Mã kiểu xe,Loại xe,Phiên bản,Tên màu ngoại thất,Tên màu T.A,Tên màu nội thất,Số khung,Số máy,Năm SX,Mã XHĐ,Vị trí xe vật lý/Kho,Tên SR phụ trách,Tên SR xếp xe,Ghi chú,Hợp đồng tạm xếp,Ngày xếp xe,Ngày xếp xe tạm,Trung tâm tạm xếp xe,Ngày hóa đơn đầu vào,Ngày hóa đơn bán,Ngày nhập xe về kho,Hợp đồng,Ngày giao xe,Ngày vận tải,Mã đơn vị vận tải,Tên đơn vị vận tải
1,9,14/09/2026,VF302,VF3,Eco,Trắng,White,Màu Đen,RLNVBL9KXTT745523,,2026,N31915,,Ô tô Vinfast Cam Giá,,TC2,,,,,,,,,,,,
2,9,09/09/2026,VF305,VF3,Plus,Trắng,White,Màu Đen,RLNVBL9K9TT744671,TZ160X30G26072100151,2026,N31913,,Ô tô Vinfast Minh Đạo - Phạm Văn Đồng,,TC2,,,,,09/09/2026,,,,,,,
3,9,12/09/2026,VF605,VF6,Plus,Màu đỏ Ruby,Solar Ruby,Màu Be,RLLVAG8C0TH833206,,2026,N31921,Kho xe ô tô Vinfast Bắc Ninh,Ô tô Vinfast Bắc Ninh,Ô tô Vinfast Bắc Ninh,TC2,,14/09/2026,,,12/09/2026,14/09/2026,14/09/2026,02.0573/09/2026/HĐMB-MDP,,,,
4,9,07/09/2026,VF713,VF7,ECO,Màu đỏ Ruby,Solar Ruby,Màu Đen,RLLV3F5D4TH834151,VFCAJB268290043,2026,N31921,Kho xe ô tô Lĩnh Nam,Ô tô Vinfast Minh Đạo - Nguyễn Trãi,Ô tô Vinfast Minh Đạo - Nguyễn Trãi,TC2 - có HUD,,15/09/2026,,,07/09/2026,14/09/2026,15/09/2026,02.0442/09/2026/HĐMB-MDP,,,,
5,9,12/09/2026,VF8THM,VF8,Thế hệ mới,ĐEN,Black,Màu Đen,RLLV3FUV3TH838329,VFLANB269060098,2026,N31922,,Ô tô Vinfast Bắc Ninh,,,,,,,,,,,,,,
6,9,09/09/2026,PE1U01,VF9,Eco,ĐEN,Black,Màu Đen,RLLV2CVA6TH830142,VFBALB267080148; VFBALA266220129,2026,N31923,,Ô tô Vinfast Minh Đạo - Phạm Văn Đồng,,,,,,,10/09/2026,,,,,,,
7,9,12/09/2026,VF8THM,VF8,Thế hệ mới,ĐEN,Black,Màu nâu,RLLV3FUV4TH837657,VFLANB268290017,2026,N31923,Kho xe ô tô QL13 - HCM,Ô tô Vinfast Minh Đạo - Hà Huy Giáp,,,,,,,12/09/2026,,15/09/2026,,,,,
8,9,07/09/2026,VF713,VF7,ECO,Màu đỏ Ruby,Solar Ruby,Màu Đen,RLLV3F5D5TH826060,VFCAJB268190316,2026,N31921,Kho xe ô tô Lĩnh Nam,Ô tô Vinfast Times City,Ô tô Vinfast Minh Đạo - Nguyễn Trãi,TC2 - có HUD,,14/09/2026,,,07/09/2026,14/09/2026,14/09/2026,02.0590/09/2026/HĐMB-MDP,,,,
9,9,14/09/2026,VF302,VF3,Eco,Trắng,White,Màu Đen,RLNVBL9K8TT745469,TZ160X30G26072400265,2026,N31915,,Ô tô Vinfast Minh Đạo - Tân Thịnh,,TC2,,,,,,,,,,,,
10,9,09/09/2026,VF305,VF3,Plus,Trắng,White,Màu Đen,RLNVBL9K3TT744522,TZ160X30G26071400387,2026,N31919,Kho xe ô tô OCP 2,Ô tô Vinfast Minh Đạo - Ocean Park2,Ô tô Vinfast Minh Đạo - Ocean Park2,TC2,,12/09/2026,,,09/09/2026,12/09/2026,15/09/2026,02.0056/09/2026/HĐMB-MDP,15/09/2026,,,
11,9,12/09/2026,VF305,VF3,Plus,Trắng,White,Màu Đen,RLNVBL9K8TT745116,,2026,N31912,Kho xe ô tô Vinfast Bắc Ninh,Ô tô Vinfast Bắc Ninh,Ô tô Vinfast Bắc Ninh,TC2,,15/09/2026,,,12/09/2026,15/09/2026,14/09/2026,02.1255/08/2026/HĐMB-MDP,,,,
12,9,07/09/2026,VF305,VF3,Plus,Trắng,White,Màu Đen,RLNVBL9K0TT744607,TZ160X30G26072000395,2026,N31912,Kho xe ô tô Vinfast Bắc Ninh,Ô tô Vinfast Bắc Ninh,Ô tô Vinfast Bắc Ninh,TC2,,10/09/2026,,,07/09/2026,10/09/2026,09/09/2026,02.0031/09/2026/HĐMB-MDP,11/09/2026,,,
13,9,12/09/2026,VF8THM,VF8,Thế hệ mới,ĐEN,Black,Màu nâu,RLLV3FUV5TH837747,VFLANB269050164,2026,N31917,Kho xe ô tô Vinfast Mê Linh,Ô tô Vinfast Times City,,,,,,,,,15/09/2026,,,,,
14,9,09/09/2026,VF305,VF3,Plus,Trắng,White,Màu Đen,RLNVBL9K3TT744732,TZ160X30G26071500137,2026,N31914,Kho xe ô tô Vinfast Mê Linh,Ô tô Vinfast Mê Linh,Ô tô Vinfast Mê Linh,TC2,,15/09/2026,,,09/09/2026,15/09/2026,12/09/2026,02.0536/09/2026/HĐMB-MDP,,,,
15,9,12/09/2026,VF305,VF3,Plus,Trắng,White,Màu Đen,RLNVBL9K6TT744756,TZ160X30G26072200229,2026,N31919,Kho xe VF Quý Hạnh - Sóc Sơn,Ô tô Vinfast Sóc Sơn,Ô tô Vinfast Sóc Sơn,TC2,,16/09/2026,,,12/09/2026,,15/09/2026,02.0397/09/2026/HĐMB-MDP,,,,
16,9,07/09/2026,VF305,VF3,Plus,Trắng,White,Màu Đen,RLNVBL9K8TT744337,TZ160X30G26072000005,2026,N31901,Kho xe Xưởng cơ khí - Thái Nguyên,Ô tô Vinfast Cam Giá,Ô tô Vinfast Cam Giá,TC2,,14/09/2026,,,07/09/2026,14/09/2026,08/09/2026,02.0285/09/2026/HĐMB-MDP,16/09/2026,,,
17,9,14/09/2026,VF302,VF3,Eco,Trắng,White,Màu Đen,RLNVBL9K9TT746226,TZ160X30G26072500218,2026,N31918,,Ô tô Vinfast Bắc Ninh,Ô tô Vinfast Bắc Ninh,TC2,,16/09/2026,,,,,,02.0561/08/2026/HĐMB-MDP,,,,
18,9,09/09/2026,VF305,VF3,Plus,Trắng,White,Màu Đen,RLNVBL9K7TT744698,TZ160X30G26072100120,2026,N31916,Kho xe VF Quý Hạnh - Sóc Sơn,Ô tô Vinfast Sóc Sơn,Ô tô Vinfast Sóc Sơn,TC2,,12/09/2026,,,09/09/2026,,11/09/2026,02.0011/09/2026/HĐMB-MDP,,,,
19,9,12/09/2026,VF305,VF3,Plus,Trắng,White,Màu Đen,RLNVBL9K5TT744814,TZ160X30G26071700023,2026,N31917,Kho xe ô tô Vinfast Times city,Ô tô Vinfast Times City,,TC2,,,,,12/09/2026,,16/09/2026,,,,,
20,9,07/09/2026,VF305,VF3,Plus,Trắng,White,Màu Đen,RLNVBL9K5TT744389,TZ160X30G26072100023,2026,N31916,Kho xe VF Quý Hạnh - Sóc Sơn,Ô tô Vinfast Sóc Sơn,Ô tô Vinfast Sóc Sơn,TC2,,10/09/2026,,,07/09/2026,11/09/2026,11/09/2026,02.0016/09/2026/HĐMB-MDP,11/09/2026,,,
21,9,12/09/2026,PE1U01,VF9,Eco,Trắng,White,Màu Đen,RLLV2CVA0TH833618,VFBALB268040057; VFBALA268220107,2026,N31922,Kho xe Nhà máy SXLR - Thái Nguyên,Ô tô Vinfast Cam Giá,,,,,,,,,15/09/2026,,,,,
22,9,09/09/2026,VF305,VF3,Plus,Xám,Zenith Grey,Màu Đen,RLNVBL9K4TT744089,TZ160X30G26071600126,2026,N31901,Kho xe Xưởng cơ khí - Thái Nguyên,Ô tô Vinfast Cam Giá,,TC2,,,,,09/09/2026,,14/09/2026,,,,,
23,9,12/09/2026,VF306,VF3,Plus,Hồng Phấn,Brahminy White Roof- Rose Pink,Màu Đen,RLNVBL9K5TT744828,TZ160X30G26071600073,2026,N31912,,Ô tô Vinfast Bắc Ninh,,TC2,,,,,12/09/2026,,,,,,,
24,9,07/09/2026,VF305,VF3,Plus,Trắng,White,Màu Đen,RLNVBL9K4TT744545,TZ160X30G26071700315,2026,N31915,Kho xe Tân Thịnh - Thái Nguyên,Ô tô Vinfast Minh Đạo - Tân Thịnh,Ô tô Vinfast Minh Đạo - Tân Thịnh,TC2,02.0953/07/2026/HĐMB-MDP,15/09/2026,14/09/2026,Ô tô Vinfast Minh Đạo - Tân Thịnh,07/09/2026,15/09/2026,08/09/2026,02.0953/07/2026/HĐMB-MDP,,,,
25,9,14/09/2026,VF305,VF3,Plus,Trắng,White,Màu Đen,RLNVBL9K7TT745334,,2026,N31910,Kho xe ô tô Vinfast Hòa Bình,Ô tô Vinfast Hòa Bình,,TC2,,,,,,,16/09/2026,,,,,
26,9,09/09/2026,PE1U01,VF9,Eco,ĐEN,Black,Màu Đen,RLLV2CVA1TH830159,VFBALB267080181; VFBALA266220130,2026,N31921,Kho xe ô tô Lĩnh Nam,Ô tô Vinfast Times City,,,,,,,10/09/2026,,11/09/2026,,,,,
27,9,12/09/2026,VF306,VF3,Plus,Vàng nóc trắng,Brahminy White Roof- Summer Yellow,Màu Đen,RLNVBL9K9TT745092,TZ160X30G26072400028,2026,N31917,Kho ô tô Nguyễn Trãi,Ô tô Vinfast Minh Đạo - Nguyễn Trãi,,TC2,,,,,12/09/2026,,15/09/2026,,,,,
28,9,07/09/2026,VF306,VF3,Plus,Xanh Lá Nhạt,Urban Mint,Màu Đen,RLNVBL9K8TT743480,TZ160X30G26071500393,2026,N31917,Kho xe ô tô Lĩnh Nam,Ô tô Vinfast Times City,,TC2,,,,,07/09/2026,,15/09/2026,,,,,
29,9,12/09/2026,PE1U01,VF9,Eco,ĐEN,Black,Màu Đen,RLLV2CVA7TH777774,VFBALB267070005; VFBALA267090154,2026,N31916,Kho xe VF Quý Hạnh - Sóc Sơn,Ô tô Vinfast Sóc Sơn,,,,,,,,,16/09/2026,,,,,
30,9,09/09/2026,PE1U06,VF9,Plus_metal_3zones,Trắng,White,Màu nâu,RLLV2CFA2TH823218,VFBALB267070019; VFBALA267070006,2026,N31901,Kho xe Xưởng cơ khí - Thái Nguyên,Ô tô Vinfast Cam Giá,,DEMO,,,,,10/09/2026,,11/09/2026,,,,,
31,9,12/09/2026,VF306,VF3,Plus,Vàng nóc trắng,Brahminy White Roof- Summer Yellow,Màu Đen,RLNVBL9K0TT745045,TZ160X30G26072300094,2026,N31911,,Ô tô Vinfast Vũng Tàu,,TC2,,,,,,,,,,,,
32,9,07/09/2026,VF305,VF3,Plus,Trắng,White,Màu Đen,RLNVBL9K9TT744590,TZ160X30G26072100162,2026,N31917,Kho xe ô tô Lĩnh Nam,Ô tô Vinfast Minh Đạo - Nguyễn Trãi,Ô tô Vinfast Minh Đạo - Nguyễn Trãi,TC2,,15/09/2026,,,07/09/2026,15/09/2026,14/09/2026,02.0782/09/2026/HĐMB-MDP,16/09/2026,,,
33,9,14/09/2026,VF306,VF3,Plus,Vàng nóc trắng,Brahminy White Roof- Summer Yellow,Màu Đen,RLNVBL9K2TT745337,TZ160X30G26072500123,2026,N31917,,Ô tô Vinfast Minh Đạo - Nguyễn Trãi,,TC2,,,,,,,,,,,,
34,9,09/09/2026,VF8THM,VF8,Thế hệ mới,ĐEN,Black,Màu Đen,RLLV3FUV6TH831861,VFLANB268190272,2026,N31922,Kho xe ô tô Vinfast Mê Linh,Ô tô Vinfast Times City,Ô tô Vinfast Times City,N31922-VSO-26-06-0019/ Phan Triệu trường,,15/09/2026,,,10/09/2026,15/09/2026,12/09/2026,02.1739/06/2026/HĐMB-MDP,,,,
35,9,12/09/2026,VF713,VF7,ECO,ĐEN,Black,Màu Đen,RLLV3F5D0TH824412,VFCAJB268230294,2026,N31921,,Ô tô Vinfast Minh Đạo - Ocean Park2,,TC2 - có HUD,,,,,13/09/2026,,,,,,,
36,9,07/09/2026,VF305,VF3,Plus,Trắng,White,Màu Đen,RLNVBL9K0TT744459,TZ160X30G26072200305,2026,N31917,Kho xe ô tô Lĩnh Nam,Ô tô Vinfast Times City,Ô tô Vinfast Times City,TC2,,16/09/2026,,,07/09/2026,16/09/2026,15/09/2026,02.0154/09/2026/HĐMB-MDP,,,,
37,9,12/09/2026,VF2,VF2,VF2 màu cơ bản,Trắng,White,Màu xám,RLNVMNRS4TT709283,HLSA3A265120034,2026,N31913,Kho xe ô tô QL13 - HCM,Ô tô Vinfast Thuận An,,,,,,,13/09/2026,,16/09/2026,,,,,
38,9,09/09/2026,VF2,VF2,VF2 màu cơ bản,Trắng,White,Màu xám,RLNVMNRS6TT708605,HLSA3A266110119,2026,N31917,Kho xe ô tô Lĩnh Nam,Ô tô Vinfast Times City,,,,,,,10/09/2026,,12/09/2026,,,,,
39,9,12/09/2026,VF201,VF2,VF2 màu nâng cao,Xanh Lá Nhạt,Urban Mint,Màu xám,RLNVMNRSXTT708879,,2026,N31917,Kho ô tô Nguyễn Trãi,Ô tô Vinfast Minh Đạo - Nguyễn Trãi,Ô tô Vinfast Minh Đạo - Nguyễn Trãi,vin cũ: RLNVMNRS2TT708603,,16/09/2026,,,,16/09/2026,16/09/2026,02.0761/09/2026/HĐMB-MDP,,,,
40,9,07/09/2026,VF2,VF2,VF2 màu cơ bản,Trắng,White,Màu xám,RLNVMNRSXTT708431,HLSA3A266110020,2026,N31914,Kho xe ô tô Vinfast Mê Linh,Ô tô Vinfast Mê Linh,,,,,,,09/09/2026,,12/09/2026,,,,,
41,9,14/09/2026,VF306,VF3,Plus,Vàng nóc trắng,Brahminy White Roof- Summer Yellow,Màu Đen,RLNVBL9K1TT745085,TZ160X30G26072400224,2026,N31912,,Ô tô Vinfast Bắc Ninh,,TC2,,,,,,,,,,,,
42,9,09/09/2026,VF2,VF2,VF2 màu cơ bản,Trắng,White,Màu xám,RLNVMNRS5TT708529,HLSA3A266110041,2026,N31919,,Ô tô Vinfast Minh Đạo - Ocean Park2,Ô tô Vinfast Minh Đạo - Ocean Park2,,,11/09/2026,,,10/09/2026,11/09/2026,,02.0418/08/2026/HĐMB-MDP,,,,
43,9,12/09/2026,VF501,VF5,Plus,Xám,Zenith Grey,Màu Đen,RLNV5JSE5TH834094,VFCAFB269030117,2026,N31919,,Ô tô Vinfast Minh Đạo - Ocean Park2,,,,,,,12/09/2026,,,,,,,
44,9,07/09/2026,VF305,VF3,Plus,Màu đỏ Ruby,Solar Ruby,Màu Đen,RLNVBL9K0TT743893,TZ160X30G26071700406,2026,N31915,Kho xe Xưởng cơ khí - Thái Nguyên,Ô tô Vinfast Cam Giá,Ô tô Vinfast Cam Giá,TC2,,12/09/2026,,,07/09/2026,12/09/2026,08/09/2026,02.0284/09/2026/HĐMB-MDP,,,,
45,9,12/09/2026,VF501,VF5,Plus,Trắng,White,Màu Đen,RLNV5JSE7TH838812,,2026,N31912,,Ô tô Vinfast Bắc Ninh,,,,,,,,,,,,,,
46,9,09/09/2026,VF2,VF2,VF2 màu cơ bản,Màu đỏ Ruby,Solar Ruby,Màu xám,RLNVMNRS5TT708627,HLSA3A266090077,2026,N31912,Kho xe ô tô Vinfast Bắc Ninh,Ô tô Vinfast Bắc Ninh,,,,,,,10/09/2026,,14/09/2026,,,,,
47,9,12/09/2026,VF713,VF7,ECO,Trắng,White,Màu Đen,RLLV3F5D8TH824397,VFCAJB268290153,2026,N31923,Kho xe ô tô QL13 - HCM,Ô tô Vinfast Minh Đạo - Phạm Văn Đồng,,TC2 - có HUD,,,,,12/09/2026,,15/09/2026,,,,,
48,9,07/09/2026,VF306,VF3,Plus,Hồng Phấn,Brahminy White Roof- Rose Pink,Màu Đen,RLNVBL9K9TT741771,TZ160X30G26061600095,2026,N31901,Kho xe Xưởng cơ khí - Thái Nguyên,Ô tô Vinfast Cam Giá,Ô tô Vinfast Cam Giá,TC2,,09/09/2026,,,07/09/2026,09/09/2026,08/09/2026,02.0169/09/2026/HĐMB-MDP,,,,
49,9,14/09/2026,VF305,VF3,Plus,Trắng,White,Màu Đen,RLNVBL9K7TT745320,,2026,N31919,,Ô tô Vinfast Minh Đạo - Ocean Park2,Ô tô Vinfast Minh Đạo - Ocean Park2,TC2,,16/09/2026,,,,,,02.0617/09/2026/HĐMB-MDP,,,,
50,9,09/09/2026,VF2,VF2,VF2 màu cơ bản,Màu đỏ Ruby,Solar Ruby,Màu xám,RLNVMNRSXTT708655,HLSA3A266090111,2026,N31915,Kho xe Tân Long - Thái Nguyên,Ô tô Vinfast Minh Đạo - Tân Thịnh,Ô tô Vinfast Minh Đạo - Tân Long,,02.0023/09/2026/HĐMB-MDP,14/09/2026,14/09/2026,Ô tô Vinfast Minh Đạo - Tân Long,10/09/2026,14/09/2026,14/09/2026,02.0023/09/2026/HĐMB-MDP,16/09/2026,,,
51,9,12/09/2026,PE1U06,VF9,Plus_metal_3zones,Xám,Zenith Grey,Màu Đen,RLLV2CFA6TH823223,VFBALB267060096; VFBALA266220077,2026,N31917,Kho xe ô tô Vinfast Mê Linh,Ô tô Vinfast Mê Linh,,,,,,,12/09/2026,,14/09/2026,,,,,
52,9,07/09/2026,VF305,VF3,Plus,Trắng,White,Màu Đen,RLNVBL9KXTT744419,TZ160X30G26072000361,2026,N31910,Kho xe ô tô Vinfast Hòa Bình,Ô tô Vinfast Hòa Bình,,TC2,,,,,07/09/2026,,16/09/2026,,,,,
53,9,12/09/2026,VF503,VF5,Plus,Xanh Lá Nhạt,Urban Mint,Màu Đen,RLNV5JSE8TH838737,,2026,N31912,,Ô tô Vinfast Bắc Ninh,,,,,,,,,,,,,,
54,9,09/09/2026,VF2,VF2,VF2 màu cơ bản,Màu đỏ Ruby,Solar Ruby,Màu xám,RLNVMNRS4TT708649,HLSA3A266110086,2026,N31917,Kho ô tô Nguyễn Trãi,Ô tô Vinfast Minh Đạo - Nguyễn Trãi,Ô tô Vinfast Minh Đạo - Nguyễn Trãi,,,16/09/2026,,,10/09/2026,,12/09/2026,02.0769/09/2026/HĐMB-MDP,16/09/2026,,,
55,9,12/09/2026,VF713,VF7,ECO,Màu đỏ Ruby,Solar Ruby,Màu Đen,RLLV3F5D3TH825442,VFCAJB268200016,2026,N31923,Kho xe ô tô QL13 - HCM,Ô tô Vinfast 03/2,,TC2 - có HUD,,,,,12/09/2026,,15/09/2026,,,,,
56,9,07/09/2026,VF305,VF3,Plus,Trắng,White,Màu Đen,RLNVBL9K6TT744322,TZ160X30G26072100188,2026,N31912,Kho xe ô tô Vinfast Bắc Ninh,Ô tô Vinfast Bắc Ninh,Ô tô Vinfast Bắc Ninh,TC2,,09/09/2026,,,07/09/2026,10/09/2026,09/09/2026,02.0335/09/2026/HĐMB-MDP,11/09/2026,,,
57,9,14/09/2026,VF306,VF3,Plus,Vàng nóc trắng,Brahminy White Roof- Summer Yellow,Màu Đen,RLNVBL9K8TT746394,TZ160X30G26072500132,2026,N31913,,Ô tô Vinfast Thuận An,,TC2,,,,,,,,,,,,
58,9,09/09/2026,VF605,VF6,Plus,Màu đỏ Ruby,Solar Ruby,Màu Be,RLLVAG8C3TH833166,VFBALB268150045,2026,N31921,Kho xe ô tô Vinfast Bắc Ninh,Ô tô Vinfast Bắc Ninh,,TC2,,,,,10/09/2026,,11/09/2026,,,,,
59,9,12/09/2026,VF706,VF7,ECO,Màu đỏ Ruby,Solar Ruby,Màu Đen,RLLV3F5D0TH825432,VFCAJB268080094,2026,N31921,Kho xe ô tô Lĩnh Nam,Ô tô Vinfast Minh Đạo - Nguyễn Trãi,,TC2 - không HUD,,,,,12/09/2026,,14/09/2026,,,,,
60,9,07/09/2026,VF306,VF3,Plus,Vàng nóc trắng,Brahminy White Roof- Summer Yellow,Màu Đen,RLNVBL9K9TT743259,TZ160X30G26071500283,2026,N31917,Kho xe ô tô Lĩnh Nam,Ô tô Vinfast Minh Đạo - Nguyễn Trãi,,TC2,,,,,07/09/2026,,15/09/2026,,,,,
61,9,12/09/2026,VF605,VF6,Plus,Trắng,White,Màu Mocha Nâu,RLLVAG8C6TH817155,VFBALB267300053,2026,N31919,Kho xe ô tô OCP 2,Ô tô Vinfast Minh Đạo - Ocean Park2,,TC2,,,,,,,16/09/2026,,,,,
62,9,09/09/2026,VF8THM,VF8,Thế hệ mới,ĐEN,Black,Màu Đen,RLLV3FUV2TH835597,VFLANB268200053,2026,N31917,Kho xe Xưởng cơ khí - Thái Nguyên,Ô tô Vinfast Cam Giá,Ô tô Vinfast Cam Giá,,,16/09/2026,,,10/09/2026,,11/09/2026,02.1172/03/2026/HĐMB-MDP,,,,
63,9,12/09/2026,PE1U01,VF9,Eco,ĐEN,Black,Màu Đen,RLLV2CVA2TH833619,VFBALB268110117; VFBALA267070293,2026,N31920,Kho xe VF Quý Hạnh - Sóc Sơn,Ô tô Vinfast Sóc Sơn,,,,,,,13/09/2026,,14/09/2026,,,,,
64,9,07/09/2026,VF707,VF7,Plus_metal,Trắng,White,Màu Mocha Nâu,RLLV3FKC5TH833697,VFBALB268260179,2026,N31922,Kho xe Xưởng cơ khí - Thái Nguyên,Ô tô Vinfast Cam Giá,,TC2 -1 cầu,,,,,08/09/2026,,12/09/2026,,,,,
65,9,14/09/2026,VF305,VF3,Plus,Trắng,White,Màu Đen,RLNVBL9K3TT745332,TZ160X30G26072500070,2026,N31911,,Ô tô Vinfast Vũng Tàu,,TC2,,,,,,,,,,,,
66,9,09/09/2026,VF8THM,VF8,Thế hệ mới,ĐEN,Black,Màu Đen,RLLV3FUV5TH835660,VFLANB268220047,2026,N31917,Kho xe Xưởng cơ khí - Thái Nguyên,Ô tô Vinfast Cam Giá,Ô tô Vinfast Cam Giá,,,11/09/2026,,,,,11/09/2026,02.0400/09/2026/HĐMB-MDP,,,,
67,9,12/09/2026,VF2,VF2,VF2 màu cơ bản,Trắng,White,Màu xám,RLNVMNRS9TT708887,HLSA3A266110025,2026,N31914,Kho xe ô tô Vinfast Mê Linh,Ô tô Vinfast Mê Linh,,,,,,,12/09/2026,,15/09/2026,,,,,
68,9,07/09/2026,VF707,VF7,Plus_metal,Trắng,White,Màu Mocha Nâu,RLLV3FKC9TH833699,VFBALB268260171,2026,N31922,Kho xe Xưởng cơ khí - Thái Nguyên,Ô tô Vinfast Cam Giá,,TC2 -1 cầu,,,,,08/09/2026,,12/09/2026,,,,,
69,9,12/09/2026,VF605,VF6,Plus,Trắng,White,Màu Mocha Nâu,RLLVAG8C4TH836593,VFBALB269030074,2026,N31923,,Ô tô Vinfast Vũng Tàu,,TC2,,,,,13/09/2026,,,,,,,
70,9,09/09/2026,VF8THM,VF8,Thế hệ mới,ĐEN,Black,Màu Đen,RLLV3FUV7TH835627,VFLANB268260222,2026,N31922,Kho xe ô tô Vinfast Bắc Ninh,Ô tô Vinfast Bắc Ninh,Ô tô Vinfast Bắc Ninh,,,15/09/2026,,,10/09/2026,16/09/2026,11/09/2026,02.0067/09/2026/HĐMB-MDP,,,,
71,9,12/09/2026,VF2,VF2,VF2 màu cơ bản,Trắng,White,Màu xám,RLNVMNRS6TT708829,HLSA3A266150029,2026,N31917,Kho xe ô tô Lĩnh Nam,Ô tô Vinfast Times City,,,,,,,12/09/2026,,14/09/2026,,,,,
72,9,07/09/2026,VF306,VF3,Plus,Xanh Lá Nhạt,Urban Mint,Màu Đen,RLNVBL9KXTT743688,TZ160X30G26071600262,2026,N31913,Kho xe ô tô Thuận An,Ô tô Vinfast Thuận An,,TC2,,,,,08/09/2026,,14/09/2026,,,,,
73,9,14/09/2026,VF305,VF3,Plus,Trắng,White,Màu Đen,RLNVBL9K5TT746336,,2026,N31911,,Ô tô Vinfast Vũng Tàu,,TC2,,,,,,,,,,,,
74,9,09/09/2026,VF8THM,VF8,Thế hệ mới,ĐEN,Black,Màu Đen,RLLV3FUV3TH835351,VFLANB268190005,2026,N31922,Kho xe ô tô Vinfast Bắc Ninh,Ô tô Vinfast Bắc Ninh,,,,,,,10/09/2026,,11/09/2026,,,,,
75,9,12/09/2026,VF2,VF2,VF2 màu cơ bản,Trắng,White,Màu xám,RLNVMNRS9TT708744,HLSA3A265290173,2026,N31917,Kho xe ô tô Vinfast Times city,Ô tô Vinfast Times City,,,,,,,12/09/2026,,16/09/2026,,,,,
76,9,07/09/2026,VF305,VF3,Plus,Xám,Zenith Grey,Màu Đen,RLNVBL9K8TT743821,TZ160X30G26072000166,2026,N31916,Kho xe VF Quý Hạnh - Sóc Sơn,Ô tô Vinfast Sóc Sơn,,TC2,,,,,07/09/2026,,12/09/2026,,,,,
77,9,12/09/2026,VF605,VF6,Plus,Trắng,White,Màu Mocha Nâu,RLLVAG8CXTH835979,,2026,N31923,,Ô tô Vinfast Vũng Tàu,,TC2,,,,,,,,,,,,
78,9,09/09/2026,VF8THM,VF8,Thế hệ mới,ĐEN,Black,Màu Đen,RLLV3FUV0TH835355,VFLANB268290189,2026,N31922,,Ô tô Vinfast Minh Đạo - Ocean Park2,,,,,,,10/09/2026,,,,,,,
79,9,12/09/2026,VF2,VF2,VF2 màu cơ bản,Trắng,White,Màu xám,RLNVMNRS6TT708751,HLSA3A266150111,2026,N31915,Kho xe Nhà máy SXLR - Thái Nguyên,Ô tô Vinfast Minh Đạo - Tân Thịnh,,,,,,,,,14/09/2026,,,,,
80,9,07/09/2026,VF502,VF5,S,Xanh Dương Đậm,Electric Blue,Màu Đen,RLNV5JSE1RH771729,VFCAFB24B210175,2026,N31906,Kho xe ô tô QL13 - HCM,Ô tô Vinfast Minh Đạo - Phạm Văn Đồng,,Nhập bổ sung xe cũ để nhập kho vật lí,,,,,,,07/09/2026,,,,,
81,9,14/09/2026,VF305,VF3,Plus,Xám,Zenith Grey,Màu Đen,RLNVBL9K1TT746107,TZ160X30G26072700106,2026,N31913,,Ô tô Vinfast Minh Đạo - Phạm Văn Đồng,,TC2,,,,,,,,,,,,
82,9,09/09/2026,VF8THM,VF8,Thế hệ mới,ĐEN,Black,Màu Đen,RLLV3FUV9TH835600,VFLANB268250059,2026,N31922,Kho xe ô tô Vinfast Mê Linh,Ô tô Vinfast Times City,,,,,,,10/09/2026,,12/09/2026,,,,,
83,9,12/09/2026,VF302,VF3,Eco,Xám,Zenith Grey,Màu Đen,RLNVBL9K5TT744893,TZ160X30G26072200232,2026,N31912,Kho xe ô tô Vinfast Bắc Ninh,Ô tô Vinfast Bắc Ninh,,TC2,,,,,12/09/2026,,14/09/2026,,,,,
84,9,07/09/2026,VF503,VF5,Plus,Vàng nóc đen,Jet black roof- Summer yellow,Màu Đen,RLNV5JSE2RH778978,VFCAFB24C030012,2026,N31904,Kho xe ô tô Thuận An,Ô tô Vinfast Thuận An,,Nhập bổ sung xe cũ để nhập kho vật lí,,,,,,,07/09/2026,,,,,
85,9,12/09/2026,VF603,VF6,ECO,Xám,Zenith Grey,Màu Đen,RLLVAGNDXTH832903,VFCAJB268270115,2026,N31922,Kho xe Nhà máy SXLR - Thái Nguyên,Ô tô Vinfast Cam Giá,,bản TC,,,,,,,15/09/2026,,,,,
86,9,09/09/2026,VF8THM,VF8,Thế hệ mới,ĐEN,Black,Màu Đen,RLLV3FUV8TH825138,VFLANB268100058,2026,N31922,Kho xe ô tô Vinfast Mê Linh,Ô tô Vinfast Times City,Ô tô Vinfast Times City,N31922-VSO-26-06-0027/ Nguyễn Việt Hoàng,,12/09/2026,,,10/09/2026,12/09/2026,12/09/2026,02.0291/09/2026/HĐMB-MDP,,,,
87,9,12/09/2026,VF305,VF3,Plus,Trắng,White,Màu Đen,RLNVBL9K4TT744836,,2026,N31919,Kho xe ô tô OCP 2,Ô tô Vinfast Minh Đạo - Ocean Park2,Ô tô Vinfast Minh Đạo - Ocean Park2,TC2,,14/09/2026,,,12/09/2026,14/09/2026,15/09/2026,02.0645/09/2026/HĐMB-MDP,15/09/2026,,,
88,9,07/09/2026,VF501,VF5,Plus,Trắng,White,Màu Đen,RLNV5JSE8RH778046,VFCAFB24C010024,2026,N31913,Kho xe ô tô Thuận An,Ô tô Vinfast Thuận An,,Nhập bổ sung để nhập kho vật lí,,,,,,,07/09/2026,,,,,
89,9,14/09/2026,VF8THM,VF8,Thế hệ mới,ĐEN,Black,Màu nâu,RLLV3FUV1TH839348,VFLANB269100219,2026,N31923,,Ô tô Vinfast Minh Đạo - Phạm Văn Đồng,,,,,,,,,,,,,,
90,9,09/09/2026,VF2,VF2,VF2 màu cơ bản,Trắng,White,Màu xám,RLNVMNRS1TT708608,HLSA3A266130128,2026,N31913,,Ô tô Vinfast Minh Đạo - Phạm Văn Đồng,,Giao Hải Phòng,,,,,10/09/2026,,,,,,,
91,9,12/09/2026,VF305,VF3,Plus,Trắng,White,Màu Đen,RLNVBL9KXTT745098,,2026,N31915,Kho xe Nhà máy SXLR - Thái Nguyên,Ô tô Vinfast Minh Đạo - Tân Thịnh,Ô tô Vinfast Minh Đạo - Tân Thịnh,TC2,02.0688/08/2026/HĐMB-MDP,14/09/2026,14/09/2026,Ô tô Vinfast Minh Đạo - Tân Thịnh,12/09/2026,14/09/2026,14/09/2026,02.0688/08/2026/HĐMB-MDP,,,,
92,9,07/09/2026,VF305,VF3,Plus,Trắng,White,Màu Đen,RLNVBL9K4TT742035,TZ160X30G26062300105,2026,N31913,Kho xe ô tô Thuận An,Ô tô Vinfast Thuận An,Ô tô Vinfast Thuận An,TC2,,16/09/2026,,,10/09/2026,16/09/2026,15/09/2026,02.0627/09/2026/HĐMB-MDP,,,,
93,9,12/09/2026,VF706,VF7,ECO,Trắng,White,Màu Đen,RLLV3F5D2TH834679,,2026,N31921,Kho xe VF Quý Hạnh - Sóc Sơn,Ô tô Vinfast Minh Đạo - Nguyễn Trãi,Ô tô Vinfast Minh Đạo - Nguyễn Trãi,TC2 - không HUD,,15/09/2026,,,,,15/09/2026,02.0677/09/2026/HĐMB-MDP,,,,
94,9,09/09/2026,VF2,VF2,VF2 màu cơ bản,Trắng,White,Màu xám,RLNVMNRS4TT708537,HLSA3A266110140,2026,N31911,Kho xe ô tô Viinfast Vũng Tàu,Ô tô Vinfast Vũng Tàu,Ô tô Vinfast Vũng Tàu,,02.0476/08/2026/HĐMB-MDP,15/09/2026,15/09/2026,Ô tô Vinfast Vũng Tàu,11/09/2026,15/09/2026,16/09/2026,02.0476/08/2026/HĐMB-MDP,,,,
95,9,12/09/2026,VF8THM,VF8,Thế hệ mới,ĐEN,Black,Màu Đen,RLLV3FUV9TH836701,VFLANB268110166,2026,N31922,Kho xe ô tô Vinfast Mê Linh,Ô tô Vinfast Times City,,,,,,,12/09/2026,,14/09/2026,,,,,
96,9,07/09/2026,VF305,VF3,Plus,Trắng,White,Màu Đen,RLNVBL9K2TT744639,TZ160X30G26072100147,2026,N31920,Kho xe ô tô Vinfast Q12 - HCM,Ô tô Vinfast Minh Đạo - Hà Huy Giáp,,TC2,,,,,08/09/2026,,12/09/2026,,,,,
97,9,14/09/2026,VF8THM,VF8,Thế hệ mới,ĐEN,Black,Màu nâu,RLLV3FUV2TH837737,,2026,N31923,,Ô tô Vinfast Vũng Tàu,,,,,,,,,,,,,,
98,9,09/09/2026,VF2,VF2,VF2 màu cơ bản,Trắng,White,Màu xám,RLNVMNRS7TT708161,HLSA3A267230179,2026,N31913,Kho xe ô tô Thuận An,Ô tô Vinfast Minh Đạo - Hà Huy Giáp,,,,,,,10/09/2026,,15/09/2026,,,,,
99,9,12/09/2026,VF8THM,VF8,Thế hệ mới,ĐEN,Black,Màu Đen,RLLV3FUV2TH836653,VFLANB268110039,2026,N31916,Kho xe ô tô Vinfast Mê Linh,Ô tô Vinfast Times City,,,,,,,12/09/2026,,14/09/2026,,,,,
100,9,07/09/2026,VF305,VF3,Plus,Trắng,White,Màu Đen,RLNVBL9K3TT744648,TZ160X30G26072100377,2026,N31911,Kho xe ô tô Viinfast Vũng Tàu,Ô tô Vinfast Vũng Tàu,,TC2,,,,,08/09/2026,,14/09/2026,,,,,
101,9,12/09/2026,VF501,VF5,Plus,Xám,Zenith Grey,Màu Đen,RLNV5JSE2TH819391,VFCAFB267080072,2026,N31912,,Ô tô Vinfast Bắc Ninh,,vin cũ: RLNV5JSE6TH836887,,,,,,,,,,,,
102,9,07/09/2026,VF302,VF3,Eco,Xám,Zenith Grey,Màu Đen,RLNVBL9K9TT744475,TZ160X30G26071700340,2026,N31913,Kho xe ô tô Thuận An,Ô tô Vinfast 03/2,,TC2,,,,,08/09/2026,,14/09/2026,,,,,
103,9,12/09/2026,VF8THM,VF8,Thế hệ mới,ĐEN,Black,Màu Đen,RLLV3FUV2TH837706,VFLANB268260165,2026,N31922,Kho xe ô tô Vinfast Mê Linh,Ô tô Vinfast Minh Đạo - Nguyễn Trãi,,,,,,,12/09/2026,,14/09/2026,,,,,
104,9,07/09/2026,VF305,VF3,Plus,Màu đỏ Ruby,Solar Ruby,Màu Đen,RLNVBL9K7TT743373,TZ160X30G26071500170,2026,N31920,Kho xe ô tô Vinfast Q12 - HCM,Ô tô Vinfast Minh Đạo - Phạm Văn Đồng,,TC2,,,,,08/09/2026,,12/09/2026,,,,,
105,9,14/09/2026,PE1U09,VF9,Plus_CAP_Metal_3zones_CATL,Trắng,White,Màu nâu,RLLV2CEAXTH821413,VFBALB266220064; VFBALA267080071,2026,N31923,,Ô tô Vinfast Bắc Ninh,,,,,,,,,,,,,,
106,9,07/09/2026,LIMO,LIMO GREEN,LIMO GREEN,Bạc,Silver,Màu đen Limo,RLLVFPNT2TH825016,ENBALB266240152,2026,N31923,Kho xe ô tô QL13 - HCM,Ô tô Vinfast 03/2,Ô tô Vinfast Minh Đạo - Ocean Park2,,,16/09/2026,,,08/09/2026,16/09/2026,12/09/2026,02.0886/09/2026/HĐMB-MDP,,,,
107,9,12/09/2026,VF8THM,VF8,Thế hệ mới,ĐEN,Black,Màu Đen,RLLV3FUV5TH835612,,2026,N31901,Kho xe Nhà máy SXLR - Thái Nguyên,Ô tô Vinfast Cam Giá,Ô tô Vinfast Cam Giá,,,15/09/2026,,,12/09/2026,15/09/2026,14/09/2026,02.0014/09/2026/HĐMB-MDP,,,,
108,9,07/09/2026,LIMO,LIMO GREEN,LIMO GREEN,Bạc,Silver,Màu đen Limo,RLLVFPNT1TH829896,ENBALB267020417,2026,N31923,Kho xe ô tô QL13 - HCM,Ô tô Vinfast Thuận An,Ô tô Vinfast Thuận An,,,14/09/2026,,,11/09/2026,14/09/2026,16/09/2026,02.0624/09/2026/HĐMB-MDP,,,,
109,9,12/09/2026,VF926,VF9,VF 9 Plus Trần thép 7 chỗ Màu nâng cao,Xanh Lá Nhạt,Urban Mint,Màu nâu,RLLV2CFA7TH823926,VFBALB267060081; VFBALA267070013,2026,N31915,Kho xe Nhà máy SXLR - Thái Nguyên,Ô tô Vinfast Minh Đạo - Tân Thịnh,,,,,,,,,16/09/2026,,,,,
110,9,07/09/2026,LIMO,LIMO GREEN,LIMO GREEN,Bạc,Silver,Màu đen Limo,RLLVFPNT9TH826504,ENBALB266240155,2026,N31923,Kho xe ô tô QL13 - HCM,Ô tô Vinfast Minh Đạo - Phạm Văn Đồng,,,,,,,11/09/2026,,16/09/2026,,,,,
111,9,12/09/2026,VF8THM,VF8,Thế hệ mới,ĐEN,Black,Màu Đen,RLLV3FUV4TH835648,,2026,N31914,Kho xe ô tô OCP 2,Ô tô Vinfast Minh Đạo - Ocean Park2,Ô tô Vinfast Minh Đạo - Ocean Park2,,,15/09/2026,,,12/09/2026,15/09/2026,16/09/2026,02.0204/09/2026/HĐMB-MDP,16/09/2026,,,
112,9,14/09/2026,VF305,VF3,Plus,Trắng,White,Màu Đen,RLNVBL9K8TT745701,TZ160X30G26072500045,2026,N31914,,Ô tô Vinfast Times City,,TC2,,,,,,,,,,,,
113,9,12/09/2026,VF8THM,VF8,Thế hệ mới,ĐEN,Black,Màu Đen,RLLV3FUV4TH832961,,2026,N31922,Kho xe ô tô Vinfast Bắc Ninh,Ô tô Vinfast Bắc Ninh,Ô tô Vinfast Bắc Ninh,,,15/09/2026,,,12/09/2026,15/09/2026,14/09/2026,02.1505/06/2026/HĐMB-MDP,,,,
114,9,12/09/2026,VF201,VF2,VF2 màu nâng cao,Xanh Lá Nhạt,Urban Mint,Màu xám,RLNVMNRS5TT708935,,2026,N31916,,Ô tô Vinfast Sóc Sơn,Ô tô Vinfast Sóc Sơn,,,15/09/2026,,,,,,02.0035/08/2026/HĐMB-MDP,,,,
115,9,12/09/2026,VF8THM,VF8,Thế hệ mới,ĐEN,Black,Màu Đen,RLLV3FUVXTH833015,VFLANB268110110,2026,N31914,,Ô tô Vinfast Minh Đạo - Ocean Park2,,,,,,,12/09/2026,,,,,,,
116,9,14/09/2026,VF305,VF3,Plus,Trắng,White,Màu Đen,RLNVBL9K6TT745275,TZ160X30G26072300076,2026,N31918,,Ô tô Vinfast Bắc Ninh,,TC2,,,,,,,,,,,,
117,9,12/09/2026,VF305,VF3,Plus,Trắng,White,Màu Đen,RLNVBL9K3TT745024,,2026,N31912,Kho xe ô tô Vinfast Bắc Ninh,Ô tô Vinfast Bắc Ninh,Ô tô Vinfast Bắc Ninh,TC2,,15/09/2026,,,12/09/2026,15/09/2026,14/09/2026,02.0083/09/2026/HĐMB-MDP,,,,
118,9,12/09/2026,VF302,VF3,Eco,Trắng,White,Màu Đen,RLNVBL9K3TT743872,TZ160X30G26072000099,2026,N31917,,Ô tô Vinfast Times City,,TC2,,,,,,,,,,,,
119,9,12/09/2026,VF305,VF3,Plus,Trắng,White,Màu Đen,RLNVBL9K8TT744970,,2026,N31920,,Ô tô Vinfast Minh Đạo - Hà Huy Giáp,Ô tô Vinfast Minh Đạo - Hà Huy Giáp,TC2,,16/09/2026,,,13/09/2026,16/09/2026,15/09/2026,02.0734/09/2026/HĐMB-MDP,,,,
120,9,14/09/2026,VF605,VF6,Plus,Màu đỏ Ruby,Solar Ruby,Màu Be,RLLVAG8C6TH816541,,2026,N31921,,Ô tô Vinfast Times City,,TC2,,,,,,,,,,,,
121,9,12/09/2026,VF306,VF3,Plus,Hồng Phấn,Brahminy White Roof- Rose Pink,Màu Đen,RLNVBL9KXTT744825,TZ160X30G26072100099,2026,N31920,,Ô tô Vinfast Minh Đạo - Hà Huy Giáp,,TC2,,,,,13/09/2026,,15/09/2026,,,,,
122,9,12/09/2026,VF8THM,VF8,Thế hệ mới,ĐEN,Black,Màu Đen,RLLV3FUV7TH835661,VFLANB268260205,2026,N31922,,Ô tô Vinfast Minh Đạo - Ocean Park2,,,,,,,,,,,,,,
123,9,12/09/2026,VF609,VF6,Plus,Xanh Lá Nhạt,Urban Mint,Màu Mocha Nâu,RLLVAG8C3TH835192,VFBALB268270096,2026,N31923,,Ô tô Vinfast 03/2,,TC2,,,,,13/09/2026,,,,,,,
124,9,14/09/2026,VF713,VF7,ECO,Màu đỏ Ruby,Solar Ruby,Màu Đen,RLLV3F5D4TH838846,VFCAJB268120063,2026,N31922,Kho xe ô tô Vinfast Hòa Bình,Ô tô Vinfast Hòa Bình,,TC2 - có HUD,,,,,,,16/09/2026,,,,,
125,9,12/09/2026,VF8THM,VF8,Thế hệ mới,ĐEN,Black,Màu Đen,RLLV3FUV7TH836728,VFLANB269040229,2026,N31923,,Ô tô Vinfast Vũng Tàu,,,,,,,13/09/2026,,,,,,,
126,9,12/09/2026,VF8THM,VF8,Thế hệ mới,ĐEN,Black,Màu Đen,RLLV3FUV9TH837668,VFLANB269040218,2026,N31922,Kho xe ô tô Vinfast Mê Linh,Ô tô Vinfast Times City,,,,,,,,,15/09/2026,,,,,
127,9,12/09/2026,LIMO,LIMO GREEN,LIMO GREEN,Bạc,Silver,Màu đen Limo,RLLVFPNTXTH832151,ENBALB267100093,2026,N31923,,Ô tô Vinfast Vũng Tàu,,,,,,,,,,,,,,
128,9,14/09/2026,VF8THM,VF8,Thế hệ mới,ĐEN,Black,Màu nâu,RLLV3FUV2TH837754,VFLANB268190073,2026,N31922,Kho xe VF Quý Hạnh - Sóc Sơn,Ô tô Vinfast Minh Đạo - Nguyễn Trãi,,,,,,,,,16/09/2026,,,,,
129,9,12/09/2026,LIMO,LIMO GREEN,LIMO GREEN,Bạc,Silver,Màu đen Limo,RLLVFPNT9TH832173,ENBALB267100109,2026,N31923,Kho xe ô tô QL13 - HCM,Ô tô Vinfast Minh Đạo - Phạm Văn Đồng,,,,,,,,,15/09/2026,,,,,
130,9,12/09/2026,VF603,VF6,ECO,Trắng,White,Màu Đen,RLLVAGND9TH836490,VFCAJB268200350,2026,N31923,,Ô tô Vinfast Vũng Tàu,,bản TC,,,,,13/09/2026,,,,,,,
131,9,12/09/2026,LIMO,LIMO GREEN,LIMO GREEN,Màu đỏ Ruby,Solar Ruby,Màu đen Limo,RLLVFPNT4TH812641,ENBALB266160286,2026,N31923,Kho xe ô tô QL13 - HCM,Ô tô Vinfast Minh Đạo - Phạm Văn Đồng,,,,,,,,,16/09/2026,,,,,
132,9,14/09/2026,VF8THM,VF8,Thế hệ mới,Trắng,White,Màu nâu,RLLV3FUV4TH838288,VFLANB269060146,2026,N31901,Kho xe Nhà máy SXLR - Thái Nguyên,Ô tô Vinfast Cam Giá,,N31901-VSO-26-05-0067,,,,,,,15/09/2026,,,,,
133,9,12/09/2026,LIMO,LIMO GREEN,LIMO GREEN,Màu đỏ Ruby,Solar Ruby,Màu đen Limo,RLLVFPNT7TH813069,,2026,N31923,,Ô tô Vinfast 03/2,,,,,,,,,,,,,,
134,9,12/09/2026,VF605,VF6,Plus,Xám,Zenith Grey,Màu Mocha Nâu,RLLVAG8C3TH834463,VFBALB268270221,2026,N31923,,Ô tô Vinfast Vũng Tàu,,TC2,,,,,13/09/2026,,,,,,,
135,9,12/09/2026,LIMO,LIMO GREEN,LIMO GREEN,Màu đỏ Ruby,Solar Ruby,Màu đen Limo,RLLVFPNTXTH812773,ENBALB266220075,2026,N31923,Kho xe ô tô Vinfast Q12 - HCM,Ô tô Vinfast Minh Đạo - Hà Huy Giáp,,,,,,,,,16/09/2026,,,,,
136,9,14/09/2026,VF305,VF3,Plus,Xám,Zenith Grey,Màu Đen,RLNVBL9K1TT746124,,2026,N31915,,Ô tô Vinfast Minh Đạo - Tân Thịnh,,TC2,,,,,,,,,,,,
137,9,12/09/2026,LIMO,LIMO GREEN,LIMO GREEN,Màu đỏ Ruby,Solar Ruby,Màu đen Limo,RLLVFPNT9TH813235,ENBALB266100093,2026,N31923,Kho xe ô tô QL13 - HCM,Ô tô Vinfast Thuận An,,,,,,,,,15/09/2026,,,,,
138,9,12/09/2026,VF2,VF2,VF2 màu cơ bản,Trắng,White,Màu xám,RLNVMNRS5TT709230,HLSA3A267230175,2026,N31915,,Ô tô Vinfast Minh Đạo - Tân Thịnh,,,,,,,,,,,,,,
139,9,12/09/2026,VF2,VF2,VF2 màu cơ bản,Trắng,White,Màu xám,RLNVMNRS2TT708908,HLSA3A266080033,2026,N31901,Kho xe Nhà máy SXLR - Thái Nguyên,Ô tô Vinfast Cam Giá,,,,,,,,,14/09/2026,,,,,
140,9,14/09/2026,PE1U01,VF9,Eco,Trắng,White,Màu Đen,RLLV2CVA5TH830178,,2026,N31921,,Ô tô Vinfast Minh Đạo - Nguyễn Trãi,,xe về Sóc sơn,,,,,,,,,,,,
141,9,12/09/2026,VF8THM,VF8,Thế hệ mới,ĐEN,Black,Màu nâu,RLLV3FUV3TH837696,VFLANB269060008,2026,N31917,Kho xe ô tô Vinfast Mê Linh,Ô tô Vinfast Times City,,N31917-VSO-26-05-0129,,,,,12/09/2026,,14/09/2026,,,,,
142,9,12/09/2026,VF2,VF2,VF2 màu cơ bản,Trắng,White,Màu xám,RLNVMNRSXTT709272,HLSA3A266130075,2026,N31912,,Ô tô Vinfast Bắc Ninh,,,,,,,,,,,,,,
143,9,12/09/2026,PE1U06,VF9,Plus_metal_3zones,Đỏ,Crimson Red,Màu Đen,RLLV2CFA1TH821377,VFBALB266220069; VFBALA268040050,2026,N31921,Kho xe ô tô Vinfast Times city,Ô tô Vinfast Times City,,,,,,,13/09/2026,,14/09/2026,,,,,
144,9,14/09/2026,VF302,VF3,Eco,Trắng,White,Màu Đen,RLNVBL9K3TT746416,TZ160X30G26072500025,2026,N31918,,Ô tô Vinfast Bắc Ninh,,TC2,,,,,,,,,,,,
145,9,12/09/2026,ECVANNC,EC VAN,VAN,Trắng,White,Màu Đen,RNXVGRNK6TT744618,TZ155XZC03026070900011,2026,N31911,,Ô tô Vinfast Vũng Tàu,,bản NC,,,,,,,,,,,,
146,9,12/09/2026,VF2,VF2,VF2 màu cơ bản,Trắng,White,Màu xám,RLNVMNRSXTT708882,HLSA3A266130012,2026,N31910,,Ô tô Vinfast Hòa Bình,,,,,,,,,,,,,,
147,9,12/09/2026,LIMO,LIMO GREEN,LIMO GREEN,Màu đỏ Ruby,Solar Ruby,Màu đen Limo,RLLVFPNTXTH820064,ENBALB266180045,2026,N31923,,Ô tô Vinfast Vũng Tàu,,,,,,,,,,,,,,
148,9,14/09/2026,VF305,VF3,Plus,Xám,Zenith Grey,Màu Đen,RLNVBL9K3TT746433,,2026,N31919,,Ô tô Vinfast Minh Đạo - Ocean Park2,Ô tô Vinfast Minh Đạo - Ocean Park2,TC2,,15/09/2026,,,,,,02.0727/09/2026/HĐMB-MDP,,,,
149,9,12/09/2026,VFMPV7MNC,VF MPV 7,VF MPV 7,Màu Nâu,Introspective Brown,Màu Đen,RLLVFPTT0TH790530,ENBALB265260443,2026,N31921,Kho xe ô tô Lĩnh Nam,Ô tô Vinfast Bắc Ninh,,,,,,,13/09/2026,,14/09/2026,,,,,
150,9,12/09/2026,VF2,VF2,VF2 màu cơ bản,Màu đỏ Ruby,Solar Ruby,Màu xám,RLNVMNRS6TT709172,,2026,N31916,,Ô tô Vinfast Minh Đạo - Ocean Park2,Ô tô Vinfast Minh Đạo - Ocean Park2,,,15/09/2026,,,13/09/2026,15/09/2026,,02.1397/08/2026/HĐMB-MDP,,,,
151,9,12/09/2026,VF713,VF7,ECO,Màu đỏ Ruby,Solar Ruby,Màu Đen,RLLV3F5D3TH825408,VFCAJB268190320,2026,N31922,Kho xe ô tô Vinfast Bắc Ninh,Ô tô Vinfast Cam Giá,,TC2 - có HUD,,,,,12/09/2026,,14/09/2026,,,,,
152,9,14/09/2026,VF305,VF3,Plus,Trắng,White,Màu Đen,RLNVBLVK6TT745573,,2026,N31901,,Ô tô Vinfast Cam Giá,Ô tô Vinfast Cam Giá,TC2,,14/09/2026,,,,,,02.1134/08/2026/HĐMB-MDP,,,,
153,9,12/09/2026,VF2,VF2,VF2 màu cơ bản,Trắng,White,Màu xám,RLNVMNRS1TT708754,HLSA3A266150115,2026,N31913,Kho xe ô tô Vinfast Q12 - HCM,Ô tô Vinfast Minh Đạo - Hà Huy Giáp,,,,,,,13/09/2026,,15/09/2026,,,,,
154,9,12/09/2026,VF2,VF2,VF2 màu cơ bản,Màu đỏ Ruby,Solar Ruby,Màu xám,RLNVMNRS8TT709254,HLSA3A267140097,2026,N31901,Kho xe Nhà máy SXLR - Thái Nguyên,Ô tô Vinfast Cam Giá,,,,,,,13/09/2026,,15/09/2026,,,,,
155,9,12/09/2026,VF2,VF2,VF2 màu cơ bản,Trắng,White,Màu xám,RLNVMNRS7TT708760,HLSA3A266150110,2026,N31913,Kho xe ô tô QL13 - HCM,Ô tô Vinfast Thuận An,,,,,,,13/09/2026,,16/09/2026,,,,,
156,9,12/09/2026,VF2,VF2,VF2 màu cơ bản,Trắng,White,Màu xám,RLNVMNRS7TT709116,HLSA3A266180111,2026,N31916,,Ô tô Vinfast Mê Linh,,,,,,,,,,,,,,
157,9,12/09/2026,VF2,VF2,VF2 màu cơ bản,Trắng,White,Màu xám,RLNVMNRS1TT708883,HLSA3A266090114,2026,N31913,Kho xe ô tô Vinfast Q12 - HCM,Ô tô Vinfast 03/2,,,,,,,13/09/2026,,15/09/2026,,,,,
158,9,12/09/2026,VF2,VF2,VF2 màu cơ bản,Trắng,White,Màu xám,RLNVMNRS3TT709274,HLSA3A266110171,2026,N31913,Kho xe ô tô QL13 - HCM,Ô tô Vinfast Minh Đạo - Phạm Văn Đồng,,,,,,,13/09/2026,,16/09/2026,,,,,
159,9,12/09/2026,VF302,VF3,Eco,Trắng,White,Màu Đen,RLNVBL9K1TT745054,TZ160X30G26072200408,2026,N31913,Kho xe ô tô Vinfast Q12 - HCM,Ô tô Vinfast 03/2,,TC2,,,,,13/09/2026,,15/09/2026,,,,,
160,9,12/09/2026,VF2,VF2,VF2 màu cơ bản,Màu đỏ Ruby,Solar Ruby,Màu xám,RLNVMNRS8TT709190,HLSA3A266090082,2026,N31913,Kho xe ô tô Vinfast Q12 - HCM,Ô tô Vinfast Minh Đạo - Hà Huy Giáp,,,,,,,13/09/2026,,16/09/2026,,,,,
161,9,12/09/2026,VF302,VF3,Eco,Trắng,White,Màu Đen,RLNVBL9K9TT745013,TZ160X30G26072200184,2026,N31913,Kho xe ô tô QL13 - HCM,Ô tô Vinfast Thuận An,,TC2,,,,,13/09/2026,,16/09/2026,,,,,
162,9,12/09/2026,VF2,VF2,VF2 màu cơ bản,Trắng,White,Màu xám,RLNVMNRS9TT709182,HLSA3A266090022,2026,N31920,Kho xe ô tô Vinfast Q12 - HCM,Ô tô Vinfast 03/2,,,,,,,13/09/2026,,16/09/2026,,,,,
163,9,12/09/2026,VF609,VF6,Plus,Xanh Lá Nhạt,Urban Mint,Màu Mocha Nâu,RLLVAG8C9TH818476,VFBALB267300081,2026,N31923,,Ô tô Vinfast Minh Đạo - Hà Huy Giáp,,TC2,,,,,13/09/2026,,,,,,,
164,9,12/09/2026,VF302,VF3,Eco,Trắng,White,Màu Đen,RLNVBL9K1TT746379,TZ160X30G26072700089,2026,N31913,Kho xe ô tô QL13 - HCM,Ô tô Vinfast Minh Đạo - Phạm Văn Đồng,,TC2,,,,,13/09/2026,,16/09/2026,,,,,
165,9,12/09/2026,VF707,VF7,Plus_metal,Trắng,White,Màu Mocha Nâu,RLLV3FKC1TH833695,VFBALB268260082,2026,N31921,Kho xe ô tô Lĩnh Nam,Ô tô Vinfast Times City,,TC2 -1 cầu,,,,,12/09/2026,,14/09/2026,,,,,
166,9,12/09/2026,VF305,VF3,Plus,Trắng,White,Màu Đen,RLNVBL9K1TT745152,TZ160X30G26072300055,2026,N31913,Kho xe ô tô QL13 - HCM,Ô tô Vinfast Minh Đạo - Phạm Văn Đồng,,TC2,,,,,13/09/2026,,16/09/2026,,,,,
167,9,12/09/2026,VF8THM,VF8,Thế hệ mới,ĐEN,Black,Màu nâu,RLLV3FUV9TH837718,VFLANB269050166,2026,N31922,Kho xe ô tô Vinfast Mê Linh,Ô tô Vinfast Times City,,,,,,,12/09/2026,,14/09/2026,,,,,
168,9,12/09/2026,VF305,VF3,Plus,Trắng,White,Màu Đen,RLNVBL9K0TT745479,TZ160X30G26072200257,2026,N31920,Kho xe ô tô Vinfast Q12 - HCM,Ô tô Vinfast Minh Đạo - Hà Huy Giáp,,TC2,,,,,13/09/2026,,16/09/2026,,,,,
169,9,12/09/2026,VF8THM,VF8,Thế hệ mới,ĐEN,Black,Màu Đen,RLLV3FUV1TH835655,,2026,N31901,Kho xe Nhà máy SXLR - Thái Nguyên,Ô tô Vinfast Cam Giá,Ô tô Vinfast Cam Giá,,02.0664/09/2026/HĐMB-MDP,16/09/2026,16/09/2026,Ô tô Vinfast Cam Giá,12/09/2026,16/09/2026,14/09/2026,02.0664/09/2026/HĐMB-MDP,,,,
170,9,12/09/2026,VF501,VF5,Plus,Trắng,White,Màu Đen,RLNV5JSE5TH838744,VFCAFB269090035,2026,N31911,,Ô tô Vinfast Vũng Tàu,,,,,,,13/09/2026,,,,,,,
171,9,12/09/2026,VF8THM,VF8,Thế hệ mới,ĐEN,Black,Màu nâu,RLLV3FUV0TH837686,VFLANB268090013,2026,N31915,Kho xe Nhà máy SXLR - Thái Nguyên,Ô tô Vinfast Minh Đạo - Tân Thịnh,,N31915-VSO-26-05-0093,,,,,,,16/09/2026,,,,,
172,9,12/09/2026,VF707,VF7,Plus_metal,ĐEN,Black,Màu Mocha Nâu,RLLV3FKC6TH838939,VFBALB269050107,2026,N31921,,Ô tô Vinfast Bắc Ninh,,TC2 - 1 cầu,,,,,,,,,,,,
173,9,12/09/2026,PE1U01,VF9,Eco,Trắng,White,Màu Đen,RLLV2CVA3TH830180,VFBALB268040075; VFBALA268220124,2026,N31921,,Ô tô Vinfast Times City,,,,,,,12/09/2026,,,,,,,
174,9,12/09/2026,VF8THM,VF8,Thế hệ mới,Trắng,White,Màu nâu,RLLV3FUV2TH838273,VFLANB269060130,2026,N31901,Kho xe Nhà máy SXLR - Thái Nguyên,Ô tô Vinfast Cam Giá,,,02.0650/09/2026/HĐMB-MDP,,16/09/2026,Ô tô Vinfast Cam Giá,,,15/09/2026,,,,,
175,9,12/09/2026,PE1U01,VF9,Eco,Trắng,White,Màu Đen,RLLV2CVA6TH833610,,2026,N31922,,Ô tô Vinfast Bắc Ninh,,,,,,,,,,,,,,
176,9,12/09/2026,VF2,VF2,VF2 màu cơ bản,Bạc,Silver,Màu xám,RLNVMNRSXTT709269,HLSA3A266130077,2026,N31912,,Ô tô Vinfast Bắc Ninh,,,,,,,13/09/2026,,,,,,,
177,9,12/09/2026,LIMO,LIMO GREEN,LIMO GREEN,Bạc,Silver,Màu đen Limo,RLLVFPNT4TH832744,ENBALB266270117,2026,N31923,Kho xe ô tô Vinfast Q12 - HCM,Ô tô Vinfast 03/2,,,,,,,,,16/09/2026,,,,,
178,9,12/09/2026,VF2,VF2,VF2 màu cơ bản,Màu đỏ Ruby,Solar Ruby,Màu xám,RLNVMNRS3TT709291,HLSA3A266130018,2026,N31917,,Ô tô Vinfast Times City,,,,,,,,,,,,,,
179,9,12/09/2026,LIMO,LIMO GREEN,LIMO GREEN,Bạc,Silver,Màu đen Limo,RLLVFPNT0TH832126,,2026,N31923,,Ô tô Vinfast Minh Đạo - Hà Huy Giáp,,,,,,,,,,,,,,
180,9,12/09/2026,VF302,VF3,Eco,Trắng,White,Màu Đen,RLNVBL9K7TT746337,TZ160X30G26072900295,2026,N31912,,Ô tô Vinfast Bắc Ninh,,TC2,,,,,,,,,,,,
181,9,12/09/2026,LIMO,LIMO GREEN,LIMO GREEN,Bạc,Silver,Màu đen Limo,RLLVFPNTXTH832182,ENBALB266300528,2026,N31923,,Ô tô Vinfast Thuận An,,,,,,,,,,,,,,
182,9,12/09/2026,VF302,VF3,Eco,Trắng,White,Màu Đen,RLNVBL9K4TT745503,TZ160X30G26072300265,2026,N31912,,Ô tô Vinfast Bắc Ninh,,TC2,,,,,,,,,,,,
183,9,12/09/2026,LIMO,LIMO GREEN,LIMO GREEN,Màu đỏ Ruby,Solar Ruby,Màu đen Limo,RLLVFPNT1TH813326,,2026,N31921,,Ô tô Vinfast Sóc Sơn,,,,,,,,,,,,,,
184,9,12/09/2026,VF305,VF3,Plus,Trắng,White,Màu Đen,RLNVBL9K8TT745150,TZ160X30G26072300152,2026,N31918,,Ô tô Vinfast Bắc Ninh,,TC2,,,,,,,,,,,,
185,9,12/09/2026,LIMO,LIMO GREEN,LIMO GREEN,Màu đỏ Ruby,Solar Ruby,Màu đen Limo,RLLVFPNT0TH812877,ENBALB266110192,2026,N31921,Kho xe ô tô Vinfast Bắc Ninh,Ô tô Vinfast Bắc Ninh,,,,,,,,,14/09/2026,,,,,
186,9,12/09/2026,VF305,VF3,Plus,Trắng,White,Màu Đen,RLNVBL9K3TT745136,TZ160X30G26072400032,2026,N31901,Kho xe Nhà máy SXLR - Thái Nguyên,Ô tô Vinfast Cam Giá,,TC2,,,,,13/09/2026,,15/09/2026,,,,,
187,9,12/09/2026,VF2,VF2,VF2 màu cơ bản,Trắng,White,Màu xám,RLNVMNRSXTT708977,HLSA3A266180048,2026,N31919,,Ô tô Vinfast Minh Đạo - Ocean Park2,,,,,,,12/09/2026,,,,,,,
188,9,12/09/2026,VF305,VF3,Plus,Trắng,White,Màu Đen,RLNVBL9K6TT745423,TZ160X30G26072200212,2026,N31919,,Ô tô Vinfast Minh Đạo - Ocean Park2,,TC2,,,,,,,,,,,,
189,9,12/09/2026,VF2,VF2,VF2 màu cơ bản,Trắng,White,Màu xám,RLNVMNRS3TT708996,HLSA3A266180072,2026,N31916,Kho xe VF Quý Hạnh - Sóc Sơn,Ô tô Vinfast Sóc Sơn,,,,,,,12/09/2026,,15/09/2026,,,,,
190,9,12/09/2026,VF305,VF3,Plus,Trắng,White,Màu Đen,RLNVBL9K5TT746353,TZ160X30G26072800200,2026,N31915,Kho xe Nhà máy SXLR - Thái Nguyên,Ô tô Vinfast Minh Đạo - Tân Thịnh,,TC2,,,,,13/09/2026,,15/09/2026,,,,,
191,9,12/09/2026,VF2,VF2,VF2 màu cơ bản,Trắng,White,Màu xám,RLNVMNRS6TT709057,HLSA3A266110038,2026,N31917,Kho ô tô Nguyễn Trãi,Ô tô Vinfast Minh Đạo - Nguyễn Trãi,,,,,,,12/09/2026,,16/09/2026,,,,,
192,9,12/09/2026,VF306,VF3,Plus,Vàng nóc trắng,Brahminy White Roof- Summer Yellow,Màu Đen,RLNVBL9KXTT745067,,2026,N31919,,Ô tô Vinfast Times City,Ô tô Vinfast Times City,TC2,,15/09/2026,,,13/09/2026,15/09/2026,,02.0188/09/2026/HĐMB-MDP,,,,
193,9,12/09/2026,VF2,VF2,VF2 màu cơ bản,Trắng,White,Màu xám,RLNVMNRS1TT709130,HLSA3A267140156,2026,N31910,Kho xe ô tô Vinfast Hòa Bình,Ô tô Vinfast Hòa Bình,,,,,,,12/09/2026,,16/09/2026,,,,,
194,9,12/09/2026,VF306,VF3,Plus,Xanh Lá Nhạt,Urban Mint,Màu Đen,RLNVBL9K0TT745210,TZ160X30G26072500148,2026,N31901,Kho xe Nhà máy SXLR - Thái Nguyên,Ô tô Vinfast Cam Giá,,TC2,,,,,13/09/2026,,15/09/2026,,,,,
195,9,12/09/2026,VF2,VF2,VF2 màu cơ bản,Màu đỏ Ruby,Solar Ruby,Màu xám,RLNVMNRS1TT708950,HLSA3A266080007,2026,N31912,Kho xe ô tô Vinfast Bắc Ninh,Ô tô Vinfast Bắc Ninh,,,,,,,12/09/2026,,14/09/2026,,,,,
196,9,12/09/2026,VF501,VF5,Plus,Trắng,White,Màu Đen,RLNV5JSE4TH838718,,2026,N31910,Kho xe ô tô Vinfast Hòa Bình,Ô tô Vinfast Hòa Bình,,,,,,,,,16/09/2026,,,,,
197,9,12/09/2026,VF201,VF2,VF2 màu nâng cao,Xanh Lá Nhạt,Urban Mint,Màu xám,RLNVMNRS8TT709013,HLSA3A266180071,2026,N31915,Kho xe Nhà máy SXLR - Thái Nguyên,Ô tô Vinfast Minh Đạo - Tân Thịnh,Ô tô Vinfast Minh Đạo - Tân Thịnh,,02.0670/09/2026/HĐMB-MDP,16/09/2026,16/09/2026,Ô tô Vinfast Minh Đạo - Tân Thịnh,,,14/09/2026,02.0670/09/2026/HĐMB-MDP,,,,
198,9,12/09/2026,VF501,VF5,Plus,Trắng,White,Màu Đen,RLNV5JSE2TH838751,VFCAFB269040084,2026,N31919,,Ô tô Vinfast Minh Đạo - Ocean Park2,,,,,,,,,,,,,,
199,9,12/09/2026,VF2,VF2,VF2 màu cơ bản,Trắng,White,Màu xám,RLNVMNRS0TT708874,HLSA3A266090129,2026,N31912,Kho xe ô tô Vinfast Bắc Ninh,Ô tô Vinfast Bắc Ninh,,,,,,,12/09/2026,,14/09/2026,,,,,
200,9,12/09/2026,VF501,VF5,Plus,Trắng,White,Màu Đen,RLNV5JSE9TH838746,,2026,N31912,,Ô tô Vinfast Bắc Ninh,,,,,,,,,,,,,,
201,9,12/09/2026,VF305,VF3,Plus,Trắng,White,Màu Đen,RLNVBL9K1TT744941,TZ160X30G26072000180,2026,N31901,Kho xe Nhà máy SXLR - Thái Nguyên,Ô tô Vinfast Cam Giá,,TC2,,,,,,,14/09/2026,,,,,
202,9,12/09/2026,VF501,VF5,Plus,Trắng,White,Màu Đen,RLNV5JSE5TH836136,VFCAFB269040049,2026,N31911,,Ô tô Vinfast Vũng Tàu,,,,,,,13/09/2026,,,,,,,
203,9,12/09/2026,VF305,VF3,Plus,Trắng,White,Màu Đen,RLNVBL9K2TT744706,TZ160X30G26072000319,2026,N31917,Kho ô tô Nguyễn Trãi,Ô tô Vinfast Minh Đạo - Nguyễn Trãi,,TC2,,,,,12/09/2026,,15/09/2026,,,,,
204,9,12/09/2026,VF8THM,VF8,Thế hệ mới,ĐEN,Black,Màu nâu,RLLV3FUV9TH837721,VFLANB269090100,2026,N31923,,Ô tô Vinfast 03/2,,,,,,,13/09/2026,,,,,,,
205,9,12/09/2026,VF2,VF2,VF2 màu cơ bản,Trắng,White,Màu xám,RLNVMNRS1TT709015,HLSA3A266180069,2026,N31923,,Ô tô Vinfast Minh Đạo - Phạm Văn Đồng,,,,,,,12/09/2026,,,,,,,
206,9,12/09/2026,VF2,VF2,VF2 màu cơ bản,Trắng,White,Màu xám,RLNVMNRS5TT709194,HLSA3A267140110,2026,N31920,Kho xe ô tô Vinfast Q12 - HCM,Ô tô Vinfast Minh Đạo - Hà Huy Giáp,,,,,,,13/09/2026,,16/09/2026,,,,,
207,9,12/09/2026,VF2,VF2,VF2 màu cơ bản,Trắng,White,Màu xám,RLNVMNRS1TT709001,HLSA3A266180096,2026,N31920,Kho xe ô tô Vinfast Q12 - HCM,Ô tô Vinfast Minh Đạo - Hà Huy Giáp,,,,,,,13/09/2026,,15/09/2026,,,,,
208,9,12/09/2026,VF2,VF2,VF2 màu cơ bản,Màu đỏ Ruby,Solar Ruby,Màu xám,RLNVMNRS6TT709205,,2026,N31911,,Ô tô Vinfast Vũng Tàu,,,,,,,,,,,,,,
209,9,12/09/2026,VF2,VF2,VF2 màu cơ bản,Trắng,White,Màu xám,RLNVMNRS0TT708924,HLSA3A266130136,2026,N31913,Kho xe ô tô QL13 - HCM,Ô tô Vinfast Minh Đạo - Phạm Văn Đồng,,,,,,,13/09/2026,,16/09/2026,,,,,
210,9,12/09/2026,VF2,VF2,VF2 màu cơ bản,Màu đỏ Ruby,Solar Ruby,Màu xám,RLNVMNRS9TT709196,HLSA3A267230108,2026,N31913,Kho xe ô tô QL13 - HCM,Ô tô Vinfast Thuận An,,,,,,,13/09/2026,,16/09/2026,,,,,
211,9,12/09/2026,VF2,VF2,VF2 màu cơ bản,Màu đỏ Ruby,Solar Ruby,Màu xám,RLNVMNRS8TT709108,HLSA3A266090046,2026,N31911,,Ô tô Vinfast Vũng Tàu,,,,,,,12/09/2026,,,,,,,
212,9,12/09/2026,VF2,VF2,VF2 màu cơ bản,Trắng,White,Màu xám,RLNVMNRS3TT709095,,2026,N31911,,Ô tô Vinfast Vũng Tàu,Ô tô Vinfast Vũng Tàu,,02.0851/07/2026/HĐMB-MDP,16/09/2026,16/09/2026,Ô tô Vinfast Vũng Tàu,,,,02.0851/07/2026/HĐMB-MDP,,,,
213,9,12/09/2026,VF2,VF2,VF2 màu cơ bản,Trắng,White,Màu xám,RLNVMNRS5TT709115,HLSA3A266180113,2026,N31911,,Ô tô Vinfast Vũng Tàu,,,,,,,12/09/2026,,,,,,,
214,9,12/09/2026,VF2,VF2,VF2 màu cơ bản,Trắng,White,Màu xám,RLNVMNRS0TT709006,HLSA3A266180046,2026,N31923,Kho xe ô tô QL13 - HCM,Ô tô Vinfast Minh Đạo - Phạm Văn Đồng,,,,,,,13/09/2026,,16/09/2026,,,,,
215,9,12/09/2026,VF305,VF3,Plus,Trắng,White,Màu Đen,RLNVBL9K4TT744934,TZ160X30G26072200379,2026,N31911,,Ô tô Vinfast Vũng Tàu,,TC2,,,,,12/09/2026,,,,,,,
216,9,12/09/2026,VF302,VF3,Eco,Trắng,White,Màu Đen,RLNVBL9K1TT745362,TZ160X30G26072200198,2026,N31920,Kho xe ô tô Vinfast Q12 - HCM,Ô tô Vinfast 03/2,,TC2,,,,,13/09/2026,,16/09/2026,,,,,
217,9,12/09/2026,VF305,VF3,Plus,Trắng,White,Màu Đen,RLNVBL9K4TT744951,TZ160X30G26072000383,2026,N31913,Kho xe ô tô QL13 - HCM,Ô tô Vinfast Minh Đạo - Phạm Văn Đồng,,TC2,,,,,13/09/2026,,16/09/2026,,,,,
218,9,12/09/2026,VF305,VF3,Plus,Trắng,White,Màu Đen,RLNVBL9KXTT745246,TZ160X30G26072300005,2026,N31913,Kho xe ô tô QL13 - HCM,Ô tô Vinfast Minh Đạo - Phạm Văn Đồng,,TC2,,,,,13/09/2026,,16/09/2026,,,,,
219,9,12/09/2026,PE1U01,VF9,Eco,Trắng,White,Màu Đen,RLLV2CVA7TH830179,VFBALB268060037; VFBALA268070081,2026,N31923,Kho xe ô tô Vinfast Q12 - HCM,Ô tô Vinfast Minh Đạo - Hà Huy Giáp,,,,,,,,,16/09/2026,,,,,
220,9,12/09/2026,VF305,VF3,Plus,Trắng,White,Màu Đen,RLNVBL9K0TT745451,,2026,N31920,Kho xe ô tô Vinfast Q12 - HCM,Ô tô Vinfast 03/2,Ô tô Vinfast 03/2,TC2,02.0697/09/2026/HĐMB-MDP,16/09/2026,16/09/2026,Ô tô Vinfast 03/2,13/09/2026,,16/09/2026,02.0697/09/2026/HĐMB-MDP,,,,
221,9,12/09/2026,PE1U06,VF9,Plus_metal_3zones,ĐEN,Black,Màu nâu,RLLV2CFA9TH824446,VFBALB267060082; VFBALA267090158,2026,N31923,Kho xe ô tô QL13 - HCM,Ô tô Vinfast 03/2,,,,,,,13/09/2026,,16/09/2026,,,,,
222,9,12/09/2026,VF707,VF7,Plus_metal,ĐEN,Black,Màu Mocha Nâu,RLLV3FKC5TH820190,VFBALB267040035,2026,N31923,,Ô tô Vinfast Thuận An,,TC2 - 1 cầu/ vin cũ: RLLV3FKC7TH820238,,,,,,,,,,,,
223,9,12/09/2026,VF301,VF3,Base,Xám,Zenith Grey,Màu Đen,RLNVBL9K1RH726712,TZ160X30G24061300522,2024,N31909,Kho xe Quang Trung,Ô tô Vinfast Minh Đạo - Hà Huy Giáp,,Xe DEMO nhập bổ sung để khớp kho,,,,,,,12/09/2026,,,,,
224,9,12/09/2026,VF707,VF7,Plus_metal,Trắng,White,Màu Mocha Nâu,RLLV3FKC1TH821742,VFBALB267040083,2026,N31923,,Ô tô Vinfast Minh Đạo - Ocean Park2,,TC2 - 1 cầu,,,,,,,,,,,,
225,9,12/09/2026,MINIOGREEN,MINIO GREEN,MINIO GREEN,Bạc,Silver,Màu xám,RLNVMNMS8ST700334,HLSA3A25C130002,2025,N31903,Kho xe ô tô Vinfast Q12 - HCM,Ô tô Vinfast 03/2,,Xe DEMO nhập bổ sung để khớp kho,,,,,,,12/09/2026,,,,,
226,9,12/09/2026,VF713,VF7,ECO,Trắng,White,Màu Đen,RLLV3F5DXTH834638,VFCAJB268290091,2026,N31923,,Ô tô Vinfast Minh Đạo - Phạm Văn Đồng,,TC2 - có HUD,,,,,,,,,,,,
227,9,12/09/2026,VF501,VF5,Plus,Đỏ,Crimson Red,Màu Đen,RLNV5JSE3RH725299,VFCAFB247130096,2024,N31903,Kho xe ô tô Vinfast Q12 - HCM,Ô tô Vinfast 03/2,,Xe DEMO nhập bổ sung để khớp kho,,,,,,,12/09/2026,,,,,
228,9,12/09/2026,PE1U06,VF9,Plus_metal_3zones,ĐEN,Black,Màu nâu,RLLV2CFA4TH823169,VFBALB268220200; VFBALA267070057,2026,N31920,,Ô tô Vinfast Bắc Ninh,,,,,,,,,,,,,,
229,9,12/09/2026,VF503,VF5,Plus,Vàng nóc đen,Jet black roof- Summer yellow,Màu Đen,RLNV5JSE3RH758982,RLNV5JSE3RH758982,2024,N31903,Kho xe ô tô Vinfast Q12 - HCM,Ô tô Vinfast 03/2,,Xe DEMO nhập bổ sung để khớp kho,,,,,,,12/09/2026,,,,,
230,9,12/09/2026,VF609,VF6,Plus,Xanh Lá Nhạt,Urban Mint,Màu Mocha Nâu,RLLVAG8C4TH835220,VFBALB268270011,2026,N31921,Kho xe VF Quý Hạnh - Sóc Sơn,Ô tô Vinfast Times City,,TC2,,,,,,,14/09/2026,,,,,
231,9,12/09/2026,VF702,VF7,Plus_Metal,Xanh dương,Vinfast Blue,Màu Đen,RLLV3EHBXRH714268,VFCAJB245060006; VFCAJB245070043,2024,N31904,Kho xe ô tô Thuận An,Ô tô Vinfast Times City,,Xe DEMO thanh lý nhập bổ sung để khớp kho,,,,,,,12/09/2026,,,,,
232,9,12/09/2026,VF605,VF6,Plus,Màu đỏ Ruby,Solar Ruby,Màu Be,RLLVAG8CXTH833309,VFBALB268160003,2026,N31921,,Ô tô Vinfast Minh Đạo - Ocean Park2,,TC2,,,,,,,,,,,,
233,9,12/09/2026,VF501,VF5,Plus,Xanh dương,Vinfast Blue,Màu Đen,RLNV5JSE0RH727933,VFCAFB247250082,2024,N31904,Kho xe ô tô Lĩnh Nam,Ô tô Vinfast Times City,,Xe DEMO thanh lý nhập bổ sung để khớp kho,,,,,,,12/09/2026,,,,,
234,9,12/09/2026,VF605,VF6,Plus,Màu đỏ Ruby,Solar Ruby,Màu Be,RLLVAG8C8TH818369,VFBALB267210227,2026,N31923,Kho xe ô tô Vinfast Bắc Ninh,Ô tô Vinfast Bắc Ninh,,TC2,,,,,13/09/2026,,14/09/2026,,,,,
235,9,12/09/2026,PD1U02,VF8,Plus,Đỏ,Crimson Red,Màu Đen,RLLV1AUA0RV713207,VFBALB241080006; VFBALA241220106,2026,N31901,Kho xe SR Cam Giá,Ô tô Vinfast Times City,,Xe DEMO thanh lý nhập bổ sung để khớp kho,,,,,,,12/09/2026,,,,,
236,9,12/09/2026,VF609,VF6,Plus,Xanh Lá Nhạt,Urban Mint,Màu Mocha Nâu,RLLVAG8C1TH835272,VFBALB269030143,2026,N31923,,Ô tô Vinfast 03/2,,TC2,,,,,13/09/2026,,,,,,,
237,9,12/09/2026,VF703,VF7,Plus,Xanh Rêu,Deep Ocean,Màu Đen,RLLV3EMB7RH731051,VFCAJB248080076; VFCAJB248070058,2024,N31904,Kho xe ô tô Thuận An,Ô tô Vinfast Times City,,Xe DEMO thanh lý nhập bổ sung để khớp kho,,,,,,,12/09/2026,,,,,
238,9,12/09/2026,VF8THM,VF8,Thế hệ mới,ĐEN,Black,Màu nâu,RLLV3FUVXTH837677,,2026,N31922,Kho xe ô tô Vinfast Mê Linh,Ô tô Vinfast Times City,,N31922-VSO-26-06-0028/Bùi Thị Sắc Yên,,,,,,,15/09/2026,,,,,
239,9,12/09/2026,VF503,VF5,Plus,Xanh Lá Nhạt,Urban Mint,Màu Đen,RLNV5JSE4TH838802,VFCAFB269090170,2026,N31916,,Ô tô Vinfast Minh Đạo - Ocean Park2,,,,,,,,,,,,,,
240,9,12/09/2026,VF302,VF3,Eco,Trắng,White,Màu Đen,RLNVBL9K1TT746382,,2026,N31901,Kho xe Nhà máy SXLR - Thái Nguyên,Ô tô Vinfast Cam Giá,Ô tô Vinfast Cam Giá,TC2,,15/09/2026,,,13/09/2026,16/09/2026,15/09/2026,02.0700/09/2026/HĐMB-MDP,,,,
241,9,12/09/2026,VF305,VF3,Plus,Xám,Zenith Grey,Màu Đen,RLNVBL9K6TT746149,TZ160X30G26072300277,2026,N31912,,Ô tô Vinfast Bắc Ninh,,TC2,,,,,13/09/2026,,,,,,,
242,9,12/09/2026,VF503,VF5,Plus,Xanh Lá Nhạt,Urban Mint,Màu Đen,RLNV5JSEXTH838772,VFCAFB267230224,2026,N31916,Kho xe VF Quý Hạnh - Sóc Sơn,Ô tô Vinfast Sóc Sơn,,,,,,,,,14/09/2026,,,,,
243,9,12/09/2026,VF605,VF6,Plus,Trắng,White,Màu Mocha Nâu,RLLVAG8C8TH835947,VFBALB269040167,2026,N31921,,Ô tô Vinfast Bắc Ninh,,TC2,,,,,,,,,,,,
244,9,12/09/2026,VF305,VF3,Plus,Trắng,White,Màu Đen,RLNVBL9K9TT746064,TZ160X30G26072900060,2026,N31914,,Ô tô Vinfast Mê Linh,,TC2,,,,,13/09/2026,,,,,,,
245,9,12/09/2026,PE1U06,VF9,Plus_metal_3zones,Trắng,White,Màu nâu,RLLV2CFA6TH823190,VFBALB268220197; VFBALA267070058,2026,N31922,Kho xe Nhà máy SXLR - Thái Nguyên,Ô tô Vinfast Cam Giá,,,,,,,,,15/09/2026,,,,,
246,9,12/09/2026,VF603,VF6,ECO,Trắng,White,Màu Đen,RLLVAGND1TH833812,VFCAJB268260366,2026,N31921,,Ô tô Vinfast Minh Đạo - Ocean Park2,,bản TC,,,,,,,,,,,,
247,9,12/09/2026,VF603,VF6,ECO,Trắng,White,Màu Đen,RLLVAGND9TH836540,VFCAJB268190256,2026,N31921,,Ô tô Vinfast Minh Đạo - Ocean Park2,,bản TC,,,,,,,,,,,,
248,9,12/09/2026,VF302,VF3,Eco,Trắng,White,Màu Đen,RLNVBL9K0TT745028,,2026,N31901,,Ô tô Vinfast Cam Giá,Ô tô Vinfast Cam Giá,TC2,,16/09/2026,,,,,,02.0451/09/2026/HĐMB-MDP,,,,
249,9,12/09/2026,VF302,VF3,Eco,Trắng,White,Màu Đen,RLNVBL9K7TT744863,,2026,N31915,,Ô tô Vinfast Minh Đạo - Tân Thịnh,Ô tô Vinfast Minh Đạo - Tân Thịnh,TC2,02.0676/09/2026/HĐMB-MDP,15/09/2026,15/09/2026,Ô tô Vinfast Minh Đạo - Tân Thịnh,14/09/2026,15/09/2026,,02.0676/09/2026/HĐMB-MDP,,,,
250,9,12/09/2026,VF706,VF7,ECO,Trắng,White,Màu Đen,RLLV3F5D2TH834701,VFCAJB268300066,2026,N31921,Kho xe VF Quý Hạnh - Sóc Sơn,Ô tô Vinfast Bắc Ninh,,TC2 - không HUD,,,,,,,15/09/2026,,,,,
251,9,12/09/2026,LIMO,LIMO GREEN,LIMO GREEN,Trắng,White,Màu đen Limo,RLLVFPNT6TH813340,ENBALB266210087,2026,N31923,Kho xe ô tô QL13 - HCM,Ô tô Vinfast Minh Đạo - Phạm Văn Đồng,,,,,,,,,16/09/2026,,,,,
252,9,12/09/2026,LIMO,LIMO GREEN,LIMO GREEN,Trắng,White,Màu đen Limo,RLLVFPNT0TH813530,ENBALB266170184,2026,N31923,Kho xe ô tô QL13 - HCM,Ô tô Vinfast Thuận An,,,,,,,,,16/09/2026,,,,,
253,9,12/09/2026,LIMO,LIMO GREEN,LIMO GREEN,Trắng,White,Màu đen Limo,RLLVFPNT9TH814997,ENBALB266070397,2026,N31923,Kho xe ô tô QL13 - HCM,Ô tô Vinfast Minh Đạo - Phạm Văn Đồng,,,,,,,,,16/09/2026,,,,,
254,9,12/09/2026,LIMO,LIMO GREEN,LIMO GREEN,Trắng,White,Màu đen Limo,RLLVFPNT1TH818803,ENBALB266110431,2026,N31920,,Ô tô Vinfast Minh Đạo - Hà Huy Giáp,,,,,,,,,,,,,,
255,9,12/09/2026,LIMO,LIMO GREEN,LIMO GREEN,Trắng,White,Màu đen Limo,RLLVFPNT5TH819680,ENBALB265300015,2026,N31920,,Ô tô Vinfast 03/2,,,,,,,,,,,,,,
256,9,12/09/2026,VF8THMMNC,VF8,Thế hệ mới Màu nâng cao,Đỏ nóc đen,Jet Black Roof- Solar Ruby,Màu Đen,RLLV3FUV5TH838297,VFLANB268080088,2026,N31922,,Ô tô Vinfast Times City,,N31922-VSO-26-06-0018/Trần Trung Thành,,,,,,,,,,,,
